{"stats":{"minecraft:broken":{"minecraft:diamond_helmet":1,"betterend:golden_hammer":9,"minecraft:iron_axe":2,"minecraft:iron_pickaxe":3,"minecraft:iron_helmet":1,"minecraft:wooden_hoe":1,"minecraft:iron_shovel":1,"minecraft:stone_pickaxe":2,"minecraft:golden_hoe":1,"minecraft:golden_pickaxe":1},"minecraft:dropped":{"minecraft:iron_sword":2,"betternether:wall_mushroom_red":3,"minecraft:glass_bottle":1,"minecraft:fletching_table":9,"minecraft:red_mushroom":2,"minecraft:emerald":38,"minecraft:dirt":24,"minecraft:stone_button":10,"minecraft:sunflower":1,"create:goggles":1,"minecraft:sand":337,"minecraft:iron_pickaxe":2,"minecraft:white_wool":2,"minecraft:oak_door":1,"simplehats:hatbag_rare":1,"minecraft:lever":2,"minecraft:iron_nugget":40,"minecraft:golden_chestplate":5,"minecraft:birch_sapling":1,"minecraft:wheat":76,"minecraft:obsidian":6,"tombstone:gift":1,"minecraft:rotten_flesh":55,"minecraft:oak_planks":5,"create:asurine":453,"iceandfire:crackled_gravel":1,"supplementaries:flax_seeds":1,"simplehats:hatbag_uncommon":2,"minecraft:charcoal":4,"minecraft:leather_boots":1,"minecraft:acacia_sapling":9,"bonsai:jungle_bonsai_clippings":2,"minecraft:white_dye":1,"minecraft:lectern":8,"minecraft:egg":2,"minecraft:enchanted_book":1,"minecraft:golden_boots":1,"minecraft:iron_ingot":53,"minecraft:wheat_seeds":190,"createdeco:iron_coin":1,"minecraft:iron_helmet":5,"minecraft:cobblestone":12317,"minecraft:apple":13,"simplehats:chickenhead":1,"minecraft:coal_block":576,"minecraft:golden_apple":1,"minecraft:cherry_planks":3,"minecraft:diamond_helmet":1,"minecraft:smooth_stone":64,"iceandfire:dragonsteel_fire_sword":1,"minecraft:string":8,"minecraft:acacia_planks":4,"minecraft:stone_brick_slab":4,"alexsmobs:acacia_blossom":2,"burnt:arrow_fire_burst":3,"burnt:burnt_planks":51,"betternether:jungle_grass":4,"minecraft:deepslate":1,"minecraft:clay_ball":49,"minecraft:stone_slab":2,"minecraft:nether_bricks":9,"minecraft:diamond_sword":1,"minecraft:potato":88,"minecraft:stone":1446,"simplehats:hatbag_common":1,"minecraft:allium":6,"minecraft:peony":1,"create:zinc_ingot":12,"minecraft:spider_eye":4,"minecraft:stone_bricks":17,"minecraft:bow":3,"iceandfire:dragon_skull_lightning":2,"minecraft:soul_sand":64,"minecraft:oak_log":130,"minecraft:lantern":4,"minecraft:jungle_planks":11,"minecraft:flint":432,"betternether:wall_mushroom_brown":2,"iceandfire:ash":10,"betternether:wall_moss":3,"minecraft:gold_ingot":46,"minecraft:gravel":8505,"minecraft:white_tulip":12,"burnt:burnt_dirt":55,"minecraft:blackstone":2,"betternether:jungle_moss":4,"burnt:burnt_log":1,"create:mechanical_bearing":1,"minecraft:carrot":256,"minecraft:poppy":9,"supplementaries:ash":15,"minecraft:stone_brick_wall":1,"minecraft:chest":2,"create:brass_ingot":1,"comforts:sleeping_bag_white":1,"create:wheat_flour":91,"minecraft:arrow":40,"minecraft:splash_potion":1,"minecraft:golden_helmet":2,"minecraft:cherry_log":330,"iceandfire:armor_green_leggings":1,"create:mechanical_saw":1,"simplehats:pom_moog":1,"minecraft:jungle_wood":11,"minecraft:copper_ingot":19,"minecraft:acacia_log":17,"iceandfire:dragon_flute":1,"minecraft:stick":282,"quark:clear_shard":8,"minecraft:diorite":1,"create:blaze_burner":10,"tombstone:magic_scroll":3,"minecraft:torch":1,"minecraft:green_dye":3,"bonsai:jungle_bonsai_seeds":8,"minecraft:nether_wart_block":10,"tombstone:grave_dust":14,"mekanism:raw_lead":2,"minecraft:iron_axe":1,"minecraft:cactus":1,"minecraft:pink_petals":21,"minecraft:bucket":1,"minecraft:dandelion":3,"minecraft:smooth_basalt":1,"minecraft:nether_brick_slab":34,"alexsmobs:maggot":2,"minecraft:blaze_rod":11,"minecraft:raw_copper":16,"minecraft:raw_iron":64,"minecraft:orange_terracotta":2,"minecraft:iron_chestplate":2,"minecraft:andesite":1,"minecraft:golden_leggings":1,"minecraft:oak_sapling":149,"tombstone:essence_of_undeath":1,"minecraft:slime_ball":1,"iceandfire:fire_dragon_heart":3,"minecraft:calcite":283},"minecraft:used":{"alexsmobs:emu_egg":1,"minecraft:peony":1,"create:deployer":9,"iceandfire:dragonforge_fire_input":2,"minecraft:dispenser":4,"minecraft:spruce_slab":1,"minecraft:ladder":6,"minecraft:poppy":3,"minecraft:chest":34,"minecraft:stone":3707,"minecraft:farmland":97,"quark:cherry_chest":45,"minecraft:soul_sand":2,"create:mechanical_crafter":23,"iceandfire:spawn_egg_fire_dragon":1,"minecraft:jungle_sapling":1,"minecraft:lava_bucket":87,"iceandfire:crackled_gravel":1,"minecraft:grass_block":37,"minecraft:cherry_button":3,"minecraft:stone_brick_stairs":7,"create:andesite_funnel":4,"create:shaft":8,"minecraft:furnace":2,"minecraft:potato":62,"minecraft:cow_spawn_egg":26,"minecraft:cactus":6,"minecraft:composter":11,"minecraft:sand":9,"minecraft:blast_furnace":5,"minecraft:red_sandstone":3,"minecraft:stone_button":5,"minecraft:lectern":25,"minecraft:cherry_sign":11,"createsifter:sifter":3,"minecraft:diamond_sword":406,"create:basin":6,"minecraft:smithing_table":5,"iceandfire:dragon_bone_block":12,"minecraft:oak_boat":2,"minecraft:netherrack":85,"minecraft:stick":2,"minecraft:torch":182,"minecraft:anvil":2,"minecraft:oak_fence_gate":5,"cobblefordays:tier_4":2,"create:wrench":55,"minecraft:iron_axe":832,"minecraft:cherry_slab":65,"minecraft:chicken_spawn_egg":6,"minecraft:cherry_fence_gate":4,"minecraft:smooth_basalt":62,"minecraft:blaze_spawn_egg":2,"minecraft:iron_trapdoor":5,"tombstone:gift":4,"comforts:sleeping_bag_white":15,"minecraft:cobbled_deepslate":1,"minecraft:cherry_log":10,"minecraft:observer":4,"minecraft:calcite":112,"minecraft:wheat_seeds":42,"minecraft:water_bucket":150,"minecraft:cherry_planks":122,"minecraft:fletching_table":5,"minecraft:sheep_spawn_egg":12,"create:blaze_burner":3,"create:encased_fan":16,"minecraft:rail":6,"betternether:rubeus_sign":19,"minecraft:crafting_table":15,"minecraft:oak_slab":4,"minecraft:white_bed":12,"minecraft:dark_oak_fence_gate":2,"create:filter":1,"minecraft:oak_log":7,"minecraft:diamond_pickaxe":2360,"minecraft:sunflower":2,"minecraft:iron_pickaxe":917,"iceandfire:dragon_horn":34,"create:water_wheel":10,"minecraft:spruce_trapdoor":4,"createsifter:brass_sifter":3,"minecraft:cobblestone":864,"storagedrawers:oak_full_drawers_4":4,"minecraft:kelp":21,"minecraft:dandelion":1,"minecraft:cherry_sapling":216,"minecraft:iron_shovel":363,"create:portable_storage_interface":8,"minecraft:shield":6,"minecraft:iron_sword":343,"minecraft:zombie_spawn_egg":1,"create:mechanical_bearing":3,"prettypipes:wrench":7,"create:cogwheel":108,"minecraft:jungle_planks":9,"minecraft:carrot":363,"minecraft:milk_bucket":1,"minecraft:glass":11,"create:millstone":3,"iceandfire:dragonsteel_fire_sword":2,"minecraft:hopper_minecart":6,"minecraft:scaffolding":17,"create:crushing_wheel":26,"minecraft:stone_pickaxe":264,"minecraft:oak_planks":98,"minecraft:diamond_axe":17,"create:mechanical_saw":3,"minecraft:golden_hoe":32,"minecraft:sponge":4,"waystones:waystone":2,"minecraft:lever":6,"iceandfire:dragonsteel_fire_axe":18,"burnt:burnt_dirt":1,"minecraft:melon_slice":22,"minecraft:bread":58,"minecraft:deepslate":98,"minecraft:gravel":4,"minecraft:andesite":110,"minecraft:bone_meal":664,"minecraft:golden_pickaxe":32,"minecraft:cobweb":2,"create:large_cogwheel":139,"storagedrawers:oak_full_drawers_1":7,"minecraft:white_tulip":5,"minecraft:flint_and_steel":4,"minecraft:redstone":3,"iceandfire:dragonegg_bronze":1,"minecraft:dirt":340,"create:mechanical_mixer":5,"minecraft:hopper":25,"create:chute":1,"minecraft:iron_hoe":11,"cobblefordays:tier_5":1,"minecraft:bookshelf":1,"iceandfire:dragonforge_fire_core_disabled":1,"minecraft:oak_stairs":4,"minecraft:cherry_trapdoor":29,"betterend:golden_hammer":290,"create:radial_chassis":6,"iceandfire:dragonforge_fire_brick":18,"iceandfire:dragonsteel_fire_pickaxe":5,"minecraft:cooked_beef":61,"minecraft:cooked_mutton":1,"create:empty_blaze_burner":8,"minecraft:cobblestone_slab":143,"create:brass_funnel":12,"prettypipes:pipe":9,"minecraft:wooden_hoe":91,"create:mechanical_press":3,"minecraft:stone_slab":4,"create:large_water_wheel":6,"minecraft:pink_petals":14,"minecraft:cherry_stairs":1,"minecraft:bucket":238,"alexsmobs:animal_dictionary":2,"minecraft:smooth_stone":301,"minecraft:splash_potion":3},"minecraft:killed_by":{"minecraft:zombie":1,"takesapillage:skirmisher":1,"minecraft:creeper":1,"iceandfire:ice_dragon":32,"iceandfire:fire_dragon":23,"minecraft:skeleton":2,"iceandfire:lightning_dragon":3},"minecraft:custom":{"minecraft:interact_with_crafting_table":208,"minecraft:open_barrel":8,"goblintraders:trade_with_goblin":1,"minecraft:leave_game":29,"minecraft:time_since_death":113376,"minecraft:damage_blocked_by_shield":225,"minecraft:play_time":1520907,"minecraft:deaths":74,"minecraft:jump":19104,"minecraft:interact_with_furnace":53,"minecraft:traded_with_villager":240,"minecraft:sleep_in_bed":83,"minecraft:waystone_activated":5,"minecraft:damage_dealt":42087,"tombstone:undead_killed":118,"minecraft:interact_with_smoker":6,"minecraft:inspect_dispenser":3,"minecraft:interact_with_anvil":8,"minecraft:inspect_hopper":23,"minecraft:sneak_time":115515,"minecraft:interact_with_blast_furnace":2,"minecraft:total_world_time":1520907,"tombstone:raider_killed":17,"minecraft:time_since_rest":11096,"minecraft:swim_one_cm":101261,"minecraft:fly_one_cm":7664889,"minecraft:open_chest":1337,"minecraft:fall_one_cm":671104,"minecraft:animals_bred":153,"minecraft:sprint_one_cm":1797340,"minecraft:drop":2016,"minecraft:talked_to_villager":166,"minecraft:walk_on_water_one_cm":157144,"minecraft:crouch_one_cm":426116,"tombstone:villager_killed":1,"minecraft:mob_kills":245,"minecraft:damage_dealt_resisted":3,"minecraft:climb_one_cm":17271,"minecraft:walk_one_cm":2563673,"minecraft:walk_under_water_one_cm":126406,"minecraft:raid_trigger":1,"minecraft:damage_taken":30022},"minecraft:crafted":{"createsifter:brass_sifter":1,"iceandfire:dragonarmor_iron_head":1,"minecraft:lever":1,"minecraft:bookshelf":1,"minecraft:iron_bars":48,"create:radial_chassis":3,"minecraft:glass":34,"create:andesite_funnel":4,"create:mechanical_press":1,"create:brass_funnel":4,"storagedrawers:oak_full_drawers_4":4,"create:cogwheel":35,"minecraft:glass_bottle":192,"mekanism:ingot_tin":4,"create:rose_quartz":2,"minecraft:emerald":232,"storagedrawers:oak_full_drawers_1":3,"minecraft:golden_pickaxe":1,"minecraft:copper_ingot":1,"minecraft:fletching_table":9,"prettypipes:wrench":1,"create:encased_fan":2,"minecraft:lectern":8,"createsifter:sifter":2,"minecraft:cherry_sign":9,"naturescompass:naturescompass":1,"minecraft:stone_slab":6,"quark:oak_chest":7,"iceandfire:summoning_crystal_fire":1,"minecraft:compass":1,"usefulbackpacks:backpack_large":1,"betterend:golden_hammer":10,"minecraft:iron_pickaxe":4,"minecraft:iron_block":113,"minecraft:gold_ingot":140,"create:large_cogwheel":16,"create:propeller":2,"iceandfire:dragon_horn":1,"minecraft:composter":3,"iceandfire:armor_green_leggings":2,"create:wrench":1,"minecraft:iron_nugget":72,"comforts:sleeping_bag_white":2,"iceandfire:dragonarmor_iron_body":1,"iceandfire:dragon_flute":1,"minecraft:bone_meal":12,"quark:cherry_bookshelf":3,"minecraft:cherry_trapdoor":112,"minecraft:ender_pearl":1,"minecraft:stone_pickaxe":2,"iceandfire:dragonsteel_fire_ingot":6,"create:electron_tube":2,"minecraft:wheat":279,"minecraft:dried_kelp":9,"create:dough":16,"create:goggles":2,"minecraft:enchanted_book":6,"cobblefordays:tier_5":1,"minecraft:oak_fence_gate":7,"iceandfire:sickly_dragon_meal":2,"minecraft:iron_shovel":1,"minecraft:white_bed":3,"create:shaft":48,"minecraft:golden_hoe":1,"iceandfire:dragonarmor_iron_neck":1,"minecraft:oak_planks":544,"minecraft:cobblestone_slab":90,"minecraft:cherry_slab":216,"usefulbackpacks:backpack_small":1,"minecraft:stone":17,"create:mechanical_bearing":1,"quark:cherry_chest":38,"minecraft:green_dye":5,"minecraft:hopper":1,"iceandfire:armor_green_helmet":1,"minecraft:chest":32,"minecraft:oak_fence":96,"minecraft:oak_slab":12,"createsifter:brass_mesh":1,"minecraft:crafting_table":7,"create:sand_paper":1,"minecraft:gold_block":7,"minecraft:dispenser":1,"minecraft:diamond_pickaxe":1,"create:water_wheel":3,"create:super_glue":1,"minecraft:stick":3176,"minecraft:iron_ingot":1856,"minecraft:shears":2,"minecraft:cherry_planks":1064,"iceandfire:armor_blue_chestplate":1,"iceandfire:dragon_stick":1,"minecraft:furnace":3,"minecraft:blast_furnace":1,"minecraft:flint_and_steel":2,"minecraft:iron_axe":3,"minecraft:slime_ball":4,"create:millstone":1,"minecraft:lime_dye":4,"iceandfire:armor_bronze_chestplate":1,"usefulbackpacks:backpack_medium":1,"iceandfire:dragon_bone_block":4,"create:filter":2,"prettypipes:pipe":68,"minecraft:observer":1,"minecraft:cherry_fence_gate":5,"minecraft:cooked_beef":36,"minecraft:red_dye":1,"create:andesite_alloy":32,"minecraft:diamond_sword":2,"minecraft:jungle_wood":3,"iceandfire:silver_ingot":12,"iceandfire:armor_bronze_boots":1,"iceandfire:dragon_meal":41,"minecraft:iron_sword":1,"create:large_water_wheel":3,"minecraft:bucket":4,"minecraft:air":0,"minecraft:bread":68,"minecraft:jungle_planks":36,"minecraft:anvil":1,"iceandfire:dragonarmor_iron_tail":1,"minecraft:acacia_planks":4,"minecraft:torch":156,"create:zinc_ingot":6,"cobblefordays:tier_4":1},"minecraft:picked_up":{"minecraft:iron_chestplate":1,"minecraft:anvil":1,"mekanism:raw_uranium":40,"minecraft:smithing_table":5,"minecraft:lead":2,"minecraft:diamond_sword":1,"minecraft:oak_stairs":8,"minecraft:amethyst_block":109,"iceandfire:manuscript":1,"minecraft:string":18,"minecraft:soul_soil":1,"create:water_wheel":2,"minecraft:beetroot":2,"minecraft:gold_nugget":650,"minecraft:cobbled_deepslate":67,"minecraft:melon_slice":25,"minecraft:golden_helmet":2,"betternether:cincinnasite_ore":1,"minecraft:composter":2,"quark:cherry_chest":13,"minecraft:acacia_log":17,"create:andesite_casing":7,"iceandfire:lightning_dragon_flesh":5,"minecraft:cherry_log":295,"minecraft:golden_chestplate":6,"mekanism:raw_tin":6,"quark:clear_shard":8,"iceandfire:fire_dragon_heart":2,"minecraft:glowstone":37,"minecraft:bookshelf":5,"supplementaries:quiver":1,"supplementaries:ash":14,"minecraft:blaze_rod":11,"minecraft:birch_log":2,"minecraft:feather":5,"betternether:jungle_moss":4,"minecraft:jungle_log":13,"minecraft:brown_wool":2,"minecraft:jungle_wood":8,"minecraft:flint":1060,"minecraft:lantern":5,"simplehats:hatbag_epic":2,"create:shaft":4,"simplehats:hatbag_uncommon":8,"create:empty_blaze_burner":14,"betternether:wall_moss":3,"iceandfire:dragon_skull_fire":3,"iceandfire:lightning_dragon_heart":2,"minecraft:bundle":2,"minecraft:deepslate":279,"minecraft:lever":2,"createsifter:sifter":2,"minecraft:chainmail_helmet":1,"alexsmobs:maggot":2,"minecraft:rooted_dirt":1,"minecraft:cherry_slab":8,"iceandfire:raw_silver":3,"burnt:arrow_fire_burst":3,"iceandfire:dragon_skull_lightning":4,"minecraft:crafting_table":10,"minecraft:coarse_dirt":5,"minecraft:clay_ball":39,"createsifter:brass_mesh":1,"minecraft:leather_leggings":1,"simplehats:udder_hat":1,"iceandfire:armor_green_leggings":1,"create:scorchia":581,"bonsai:jungle_bonsai_clippings":2,"create:brass_funnel":6,"minecraft:deepslate_diamond_ore":2,"minecraft:beef":24,"simplehats:greenbirb":1,"minecraft:jungle_sapling":1,"minecraft:iron_nugget":855,"minecraft:poppy":15,"minecraft:spruce_slab":1,"minecraft:chest":23,"minecraft:birch_sapling":4,"minecraft:egg":12,"burnt:burnt_planks":49,"simplehats:orange_hat":1,"minecraft:stone":5028,"create:crushed_raw_zinc":172,"simplehats:hatbag_common":8,"minecraft:oak_door":2,"minecraft:amethyst_cluster":2,"minecraft:white_dye":1,"minecraft:carrot":43,"minecraft:redstone":43,"iceandfire:dragon_skull_ice":2,"minecraft:beetroot_seeds":3,"minecraft:peony":4,"minecraft:hay_block":33,"tombstone:essence_of_undeath":1,"minecraft:gold_ingot":4,"minecraft:mutton":11,"minecraft:white_wool":46,"create:iron_sheet":11,"create:crushed_raw_gold":5,"mekanism:raw_lead":2,"alexsmobs:acacia_blossom":2,"minecraft:red_mushroom":2,"minecraft:oak_log":711,"minecraft:golden_boots":1,"iceandfire:dragonscales_blue":9,"tombstone:gift":1,"create:crushing_wheel":13,"create:crushed_raw_iron":13,"minecraft:apple":13,"minecraft:stone_bricks":9,"iceandfire:pixie_jar_empty":1,"minecraft:kelp":93,"minecraft:oak_fence_gate":2,"minecraft:cherry_sign":5,"tombstone:bag_of_seeds":2,"artifacts:steadfast_spikes":2,"minecraft:glass_bottle":6,"minecraft:iron_sword":1,"minecraft:smooth_basalt":92,"iceandfire:copper_nugget":52,"minecraft:milk_bucket":1,"iceandfire:dragonsteel_fire_sword":1,"minecraft:gravel":5476,"simplehats:cheeseslice":1,"bonsai:jungle_bonsai_seeds":8,"iceandfire:dragonscales_copper":36,"iceandfire:dragon_flute":1,"create:millstone":3,"minecraft:slime_ball":1,"iceandfire:ice_dragon_flesh":3,"minecraft:hopper":5,"minecraft:wheat":215,"simplehats:hatbag_rare":2,"cobblefordays:tier_4":1,"simplehats:dipper":1,"minecraft:stone_brick_stairs":6,"minecraft:raw_copper":44,"minecraft:zombie_head":1,"create:andesite_funnel":3,"create:mechanical_press":1,"minecraft:smooth_stone":64,"comforts:sleeping_bag_white":14,"minecraft:white_tulip":19,"minecraft:cobblestone_slab":45,"minecraft:calcite":2398,"minecraft:iron_pickaxe":1,"minecraft:deepslate_iron_ore":8,"minecraft:stick":236,"createdeco:iron_coin":1,"create:mechanical_mixer":1,"minecraft:torch":85,"iceandfire:crackled_gravel":1,"simplehats:druid_antlers":1,"tombstone:grave_dust":30,"create:large_cogwheel":21,"minecraft:nether_gold_ore":19,"minecraft:cactus":14,"minecraft:rotten_flesh":68,"simplehats:chickenhead":2,"iceandfire:dragonegg_bronze":1,"create:asurine":453,"alexsmobs:emu_egg":1,"create:veridium":195,"minecraft:cobblestone":3178,"minecraft:pink_petals":166,"minecraft:magma_cream":18,"minecraft:cherry_planks":27,"minecraft:andesite":120,"minecraft:golden_leggings":1,"minecraft:potato":76,"minecraft:tuff":45,"create:raw_zinc":110,"supplementaries:flax_seeds":1,"minecraft:lapis_lazuli":212,"minecraft:dirt":425,"iceandfire:dragonscales_bronze":25,"minecraft:leather_boots":2,"minecraft:glass":272,"minecraft:bone":170,"minecraft:bow":9,"minecraft:wheat_seeds":488,"minecraft:raw_gold":66,"minecraft:fletching_table":4,"minecraft:bamboo":53,"minecraft:oak_planks":12,"create:radial_chassis":1,"createsifter:brass_sifter":3,"create:cogwheel":16,"minecraft:poisonous_potato":65,"minecraft:sand":427,"prettypipes:pipe":9,"minecraft:diamond":37,"create:filter":1,"waystones:waystone":2,"minecraft:crossbow":1,"minecraft:bone_meal":35,"minecraft:golden_apple":5,"minecraft:emerald":60,"minecraft:oak_sapling":120,"minecraft:netherrack":321,"iceandfire:silver_nugget":38,"minecraft:charcoal":4,"minecraft:allium":10,"minecraft:splash_potion":4,"minecraft:chicken":4,"iceandfire:fire_lily":2,"minecraft:stone_brick_wall":1,"betternether:nether_redstone_ore":12,"minecraft:chain":4,"minecraft:oak_trapdoor":1,"minecraft:item_frame":5,"minecraft:blackstone":2,"betternether:jungle_grass":4,"minecraft:light_gray_wool":2,"minecraft:lectern":25,"minecraft:cherry_trapdoor":6,"iceandfire:ice_dragon_heart":1,"minecraft:raw_iron":183,"iceandfire:dragonbone":118,"iceandfire:dragonscales_green":13,"create:golden_sheet":11,"betternether:wall_mushroom_red":3,"minecraft:copper_ingot":217,"minecraft:stone_button":10,"create:zinc_ingot":2,"minecraft:cherry_fence_gate":3,"iceandfire:cyclops_eye":1,"minecraft:arrow":180,"create:experience_nugget":9,"minecraft:nether_bricks":11,"minecraft:pink_tulip":2,"simplehats:rgbdragonskull":1,"minecraft:leather":8,"betternether:wall_mushroom_brown":2,"minecraft:nether_wart_block":10,"minecraft:wooden_hoe":2,"minecraft:orange_terracotta":2,"minecraft:red_sandstone":3,"simplehats:pom_moog":1,"minecraft:iron_ingot":104,"storagedrawers:oak_full_drawers_1":4,"iceandfire:fire_dragon_flesh":16,"minecraft:acacia_sapling":9,"minecraft:soul_sand":65,"minecraft:book":45,"minecraft:scaffolding":17,"minecraft:oak_slab":1,"minecraft:nether_quartz_ore":63,"create:large_water_wheel":2,"minecraft:stone_brick_slab":4,"iceandfire:ash":7,"minecraft:quartz":36,"minecraft:dandelion":4,"burnt:burnt_dirt":57,"minecraft:amethyst_shard":2,"minecraft:blast_furnace":4,"minecraft:white_bed":10,"minecraft:nether_brick_slab":34,"minecraft:dark_oak_fence_gate":1,"mekanism:raw_osmium":17,"minecraft:spider_eye":12,"create:wheat_flour":88,"create:zinc_nugget":93,"minecraft:iron_helmet":4,"create:encased_fan":6,"create:crushed_raw_copper":10,"mekanism:fluorite_gem":104,"minecraft:cherry_sapling":213,"tombstone:magic_scroll":6,"minecraft:black_wool":1,"minecraft:coal":117,"minecraft:sunflower":3},"minecraft:killed":{"minecraft:skeleton":77,"minecraft:chicken":3,"minecraft:magma_cube":29,"minecraft:pillager":11,"minecraft:zombie":31,"takesapillage:archer":2,"minecraft:cow":25,"mekanismadditions:baby_skeleton":2,"minecraft:husk":1,"iceandfire:cyclops":1,"iceandfire:ice_dragon":2,"minecraft:spider":4,"artifacts:mimic":2,"minecraft:piglin":3,"minecraft:zombie_villager":3,"minecraft:creeper":1,"minecraft:sheep":16,"alexsmobs:fly":2,"minecraft:blaze":4,"takesapillage:legioner":2,"iceandfire:fire_dragon":2,"minecraft:drowned":3,"takesapillage:skirmisher":2,"minecraft:bat":1,"betternether:jungle_skeleton":1,"minecraft:villager":1},"minecraft:mined":{"minecraft:white_bed":5,"iceandfire:copper_pile":2,"create:andesite_casing":7,"minecraft:cherry_log":99,"minecraft:acacia_log":18,"minecraft:jungle_log":14,"betternether:jungle_moss":2,"minecraft:hopper":6,"minecraft:tall_seagrass":1,"betternether:jungle_grass":4,"minecraft:cobbled_deepslate":52,"minecraft:fire":31,"minecraft:fletching_table":2,"minecraft:deepslate_lapis_ore":13,"iceandfire:gold_pile":56,"create:veridium":258,"create:mechanical_press":1,"burnt:smoldering_planks_3":3,"create:cogwheel":15,"minecraft:kelp_plant":29,"minecraft:soul_fire":2,"minecraft:amethyst_cluster":2,"minecraft:torch":7,"minecraft:blast_furnace":1,"minecraft:melon":5,"createsifter:brass_sifter":3,"mekanism:tin_ore":4,"minecraft:nether_brick_slab":16,"minecraft:glass":4,"minecraft:amethyst_block":109,"minecraft:cherry_slab":7,"burnt:smoldering_planks_2":4,"minecraft:jungle_wood":8,"minecraft:wheat":16,"storagedrawers:oak_full_drawers_1":4,"create:mechanical_mixer":1,"betternether:egg_plant":4,"minecraft:grass":173,"minecraft:oak_fence_gate":2,"minecraft:smooth_basalt":91,"minecraft:red_mushroom_block":4,"minecraft:deepslate":287,"create:zinc_ore":3,"create:millstone":3,"iceandfire:silver_ore":2,"minecraft:cherry_sapling":19,"minecraft:nether_bricks":11,"minecraft:allium":1,"create:encased_fan":7,"minecraft:kelp":4,"burnt:smoldering_grass":33,"minecraft:cherry_wall_sign":2,"create:shaft":4,"burnt:burnt_grass":16,"minecraft:andesite":120,"burnt:broken_burnt_planks":4,"minecraft:potatoes":9,"minecraft:cobblestone_slab":25,"minecraft:bamboo":3,"minecraft:cherry_fence_gate":3,"minecraft:smithing_table":3,"minecraft:oak_slab":1,"minecraft:cherry_planks":24,"minecraft:soul_sand":1,"minecraft:dandelion":2,"create:water_wheel":2,"minecraft:tall_grass":57,"minecraft:copper_ore":6,"burnt:arrow_fire_burst":4,"minecraft:deepslate_gold_ore":45,"create:water_wheel_structure":1,"create:blaze_burner":4,"minecraft:coarse_dirt":6,"betternether:jungle_plant":2,"create:crushing_wheel":11,"betternether:wall_mushroom_red":1,"iceandfire:silver_pile":3,"minecraft:sunflower":2,"minecraft:gravel":7,"mekanism:deepslate_fluorite_ore":22,"minecraft:cobweb":2,"mekanism:deepslate_uranium_ore":23,"betternether:swamp_grass":1,"create:andesite_funnel":3,"minecraft:fern":1,"create:deepslate_zinc_ore":64,"minecraft:oak_sapling":1,"quark:cherry_chest":14,"burnt:smoldering_planks":4,"minecraft:cherry_trapdoor":4,"minecraft:budding_amethyst":12,"minecraft:grass_block":191,"minecraft:soul_soil":1,"minecraft:composter":2,"betternether:cincinnasite_ore":1,"comforts:sleeping_bag_white":1,"minecraft:glowstone":37,"burnt:smoldering_planks_start":13,"minecraft:iron_ore":66,"minecraft:anvil":1,"supplementaries:stick":2,"cobblefordays:tier_4":1,"minecraft:spruce_slab":1,"minecraft:deepslate_redstone_ore":10,"create:radial_chassis":1,"minecraft:medium_amethyst_bud":1,"minecraft:calcite":245,"minecraft:chest":23,"iceandfire:fire_lily":2,"minecraft:nether_quartz_ore":63,"minecraft:cobblestone":112,"minecraft:oak_planks":12,"minecraft:wall_torch":26,"create:large_water_wheel":1,"minecraft:pink_petals":132,"minecraft:seagrass":1,"createsifter:sifter":2,"minecraft:nether_wart_block":10,"minecraft:oak_log":39,"minecraft:sand":293,"minecraft:dirt":233,"betternether:nether_redstone_ore":12,"minecraft:netherrack":325,"minecraft:oak_leaves":145,"create:brass_funnel":7,"minecraft:nether_gold_ore":21,"minecraft:tuff":45,"burnt:burnt_planks":7,"minecraft:deepslate_diamond_ore":31,"prettypipes:pipe":8,"mekanism:deepslate_osmium_ore":8,"minecraft:lever":2,"create:large_cogwheel":21,"minecraft:rooted_dirt":1,"minecraft:hay_block":34,"create:scorchia":615,"minecraft:dark_oak_fence_gate":1,"minecraft:peony":4,"minecraft:bookshelf":16,"minecraft:deepslate_iron_ore":71,"minecraft:stone":867,"minecraft:white_tulip":19,"iceandfire:pixie_jar_empty":1,"minecraft:acacia_leaves":104,"minecraft:scaffolding":11,"burnt:burnt_dirt":1,"minecraft:crafting_table":10,"burnt:burning_grass":42,"minecraft:lectern":16,"minecraft:lapis_ore":8,"betternether:rubeus_leaves":2,"minecraft:cactus":9,"minecraft:coal_ore":74,"minecraft:cherry_leaves":1325}},"DataVersion":3465}