{"stats":{"minecraft:broken":{"minecraft:diamond_pickaxe":1,"betterend:diamond_hammer":1,"minecraft:iron_axe":2,"minecraft:iron_pickaxe":1},"minecraft:used":{"create:deployer":2,"minecraft:poppy":1,"minecraft:stone":1529,"minecraft:soul_sand":1,"quark:cherry_chest":8,"betterend:diamond_hammer":1561,"create:depot":7,"minecraft:lava_bucket":1,"burnt:smoldering_log_start":1,"create:shaft":4,"minecraft:furnace":3,"minecraft:egg":14,"minecraft:potato":1,"minecraft:diorite":1,"minecraft:powered_rail":7,"elevatorid:elevator_white":4,"minecraft:blast_furnace":3,"betternether:rubeus_bark":17,"minecraft:lectern":642,"minecraft:cherry_sign":10,"minecraft:diamond_sword":60,"create:basin":4,"minecraft:smithing_table":3,"minecraft:oak_boat":1,"minecraft:armor_stand":1,"minecraft:netherrack":461,"minecraft:stick":1,"minecraft:torch":125,"minecraft:brewing_stand":3,"minecraft:anvil":3,"minecraft:nether_quartz_ore":16,"tombstone:ankh_of_pray":7,"create:wrench":36,"minecraft:iron_axe":1219,"minecraft:cherry_slab":3,"minecraft:glowstone":1,"minecraft:iron_trapdoor":3,"tombstone:gift":6,"comforts:sleeping_bag_white":22,"minecraft:cherry_log":3,"bonsai:oak_bonsai_seeds":1,"minecraft:water_bucket":115,"minecraft:cherry_planks":252,"minecraft:fletching_table":5,"create:blaze_burner":2,"minecraft:rail":123,"create:encased_fan":4,"minecraft:crafting_table":16,"bonsai:jungle_bonsai_seeds":4,"minecraft:oak_log":21,"minecraft:diamond_pickaxe":10451,"bonsai:acacia_bonsai_seeds":6,"minecraft:iron_pickaxe":250,"create:water_wheel":9,"create:mechanical_arm":5,"minecraft:cobblestone":25,"minecraft:potion":1,"quark:oak_chest":17,"minecraft:stripped_oak_log":1,"minecraft:iron_shovel":220,"create:portable_storage_interface":8,"minecraft:shield":43,"minecraft:iron_sword":393,"minecraft:zombie_spawn_egg":2,"betternether:nether_redstone_ore":12,"create:mechanical_bearing":2,"create:cogwheel":157,"minecraft:jungle_planks":3,"minecraft:obsidian":10,"minecraft:glass":36,"minecraft:stone_bricks":1,"tombstone:decorative_grave_normal":1,"minecraft:oak_planks":204,"minecraft:redstone_block":6,"minecraft:sugar_cane":121,"waystones:waystone":3,"minecraft:lever":1,"iceandfire:dragonsteel_fire_axe":5,"minecraft:melon_slice":19,"minecraft:bread":120,"tombstone:grave_key":2,"minecraft:iron_door":5,"minecraft:gravel":1,"minecraft:grindstone":4,"minecraft:andesite":2,"create:vertical_gearbox":3,"minecraft:bone_meal":486,"create:large_cogwheel":89,"storagedrawers:oak_full_drawers_1":8,"minecraft:flint_and_steel":3,"minecraft:dirt":346,"create:mechanical_mixer":3,"minecraft:oak_wood":6,"bonsai:dark_oak_bonsai_seeds":10,"minecraft:wooden_axe":13,"minecraft:bookshelf":6,"minecraft:oak_stairs":2,"minecraft:cherry_trapdoor":19,"create:cart_assembler":2,"betterend:golden_hammer":11,"create:radial_chassis":5,"minecraft:minecart":2,"alexsmobs:banana":3,"minecraft:stone_pressure_plate":10,"iceandfire:dragonsteel_fire_pickaxe":2,"minecraft:cooked_beef":67,"minecraft:pumpkin":1,"minecraft:glass_bottle":6,"minecraft:brown_mushroom":5,"minecraft:cobblestone_slab":25,"create:brass_funnel":7,"betternether:wall_mushroom_brown":1,"create:mechanical_harvester":6,"minecraft:smoker":1,"create:linear_chassis":4,"minecraft:wooden_hoe":29,"minecraft:flower_pot":1,"minecraft:apple":1,"create:mechanical_press":6,"create:large_water_wheel":12,"minecraft:pink_petals":1,"minecraft:bucket":115,"minecraft:yellow_bed":2,"alexsmobs:animal_dictionary":1,"minecraft:splash_potion":4},"minecraft:dropped":{"iceandfire:raw_silver":4,"minecraft:iron_sword":3,"burnt:smoldering_log_start":3,"minecraft:glass_bottle":6,"betternether:rubeus_bark":22,"minecraft:fletching_table":2,"minecraft:emerald":49,"minecraft:dirt":12,"minecraft:stone_button":2,"minecraft:yellow_dye":3,"minecraft:chain":2,"minecraft:bone_meal":27,"minecraft:dark_oak_planks":2,"minecraft:bone":10,"minecraft:birch_sapling":3,"minecraft:obsidian":2,"tombstone:gift":5,"minecraft:rotten_flesh":28,"minecraft:oak_planks":2,"create:asurine":970,"minecraft:white_bed":5,"minecraft:dark_oak_fence_gate":1,"minecraft:leather_leggings":1,"minecraft:crying_obsidian":7,"iceandfire:manuscript":10,"minecraft:lectern":8,"minecraft:enchanted_book":1,"minecraft:iron_ingot":46,"create:rose_quartz":4,"minecraft:wheat_seeds":5,"minecraft:oak_fence":2,"minecraft:iron_helmet":3,"minecraft:cobblestone":3475,"minecraft:book":42,"minecraft:apple":2,"minecraft:coal":22,"minecraft:golden_apple":5,"minecraft:wooden_hoe":4,"betternether:smoker":2,"minecraft:wooden_axe":1,"minecraft:potion":1,"minecraft:oak_stairs":4,"minecraft:red_dye":3,"minecraft:iron_shovel":1,"minecraft:stone_brick_slab":4,"minecraft:stone_sword":1,"minecraft:smooth_stone_slab":5,"alexsmobs:pigshoes":1,"minecraft:iron_boots":1,"minecraft:suspicious_stew":1,"minecraft:blast_furnace":2,"minecraft:diamond_sword":2,"minecraft:potato":10,"minecraft:stone":384,"minecraft:allium":1,"create:zinc_ingot":169,"minecraft:spruce_planks":3,"minecraft:diamond_pickaxe":1,"minecraft:spider_eye":1,"minecraft:stone_bricks":7,"minecraft:bow":2,"waystones:waystone":1,"create:super_glue":1,"minecraft:oak_log":2,"burnt:burnt_book_shelf":2,"minecraft:lantern":6,"minecraft:flint":8,"create:crushed_raw_iron":161,"minecraft:gold_ingot":71,"minecraft:gravel":149,"burnt:burnt_dirt":4,"minecraft:cherry_sapling":1,"simplehats:orange_hat":2,"minecraft:poppy":2,"supplementaries:ash":3,"minecraft:stone_brick_wall":3,"minecraft:arrow":2,"minecraft:splash_potion":4,"minecraft:smithing_table":2,"minecraft:bookshelf":5,"minecraft:poisonous_potato":3,"minecraft:spectral_arrow":11,"iceandfire:frozen_gravel":14,"minecraft:copper_ingot":448,"minecraft:stick":70,"quark:clear_shard":32,"minecraft:milk_bucket":1,"tombstone:magic_scroll":1,"minecraft:torch":71,"tombstone:grave_key":2,"tombstone:grave_dust":8,"minecraft:iron_axe":2,"minecraft:pink_petals":64,"minecraft:oak_trapdoor":1,"minecraft:raw_copper":337,"simplehats:udder_hat":1,"simplehats:rgbeasterhead":1,"minecraft:stripped_oak_log":2,"minecraft:iron_chestplate":1,"minecraft:oak_sapling":28,"minecraft:raw_gold":20,"createdeco:andesite_sheet":1,"minecraft:calcite":2130,"create:empty_blaze_burner":29},"minecraft:killed_by":{"minecraft:zombie":3,"alexsmobs:rocky_roller":1,"minecraft:creeper":1,"alexsmobs:murmur_head":1,"minecraft:piglin":1,"mekanismadditions:baby_skeleton":1,"iceandfire:fire_dragon":10,"alexsmobs:bone_serpent":1},"minecraft:custom":{"minecraft:interact_with_crafting_table":167,"goblintraders:trade_with_goblin":7,"minecraft:leave_game":10,"minecraft:time_since_death":28282,"minecraft:damage_blocked_by_shield":2330,"minecraft:play_time":1053866,"minecraft:deaths":30,"minecraft:jump":14138,"minecraft:interact_with_furnace":22,"minecraft:traded_with_villager":1123,"minecraft:sleep_in_bed":38,"minecraft:waystone_activated":5,"minecraft:damage_dealt":21241,"tombstone:undead_killed":38,"minecraft:interact_with_smoker":10,"minecraft:interact_with_anvil":3,"minecraft:inspect_hopper":5,"minecraft:sneak_time":22256,"minecraft:interact_with_blast_furnace":19,"minecraft:total_world_time":1053866,"tombstone:raider_killed":5,"tombstone:pray_on_grave":1,"minecraft:time_since_rest":28039,"minecraft:swim_one_cm":52597,"minecraft:fly_one_cm":3178277,"minecraft:open_chest":630,"minecraft:fall_one_cm":380145,"minecraft:animals_bred":3,"minecraft:damage_resisted":37,"minecraft:sprint_one_cm":1423123,"minecraft:drop":361,"minecraft:talked_to_villager":1251,"minecraft:interact_with_brewingstand":13,"minecraft:walk_on_water_one_cm":58347,"minecraft:crouch_one_cm":102894,"tombstone:villager_killed":2,"minecraft:mob_kills":95,"minecraft:damage_dealt_resisted":12,"minecraft:climb_one_cm":2104,"minecraft:walk_one_cm":1884518,"minecraft:walk_under_water_one_cm":22638,"minecraft:interact_with_grindstone":4,"minecraft:damage_taken":15799},"minecraft:crafted":{"minecraft:blaze_powder":8,"minecraft:lever":1,"minecraft:bookshelf":11,"create:radial_chassis":3,"minecraft:glass":52,"minecraft:diamond_helmet":1,"minecraft:diamond_leggings":1,"create:mechanical_press":1,"minecraft:melon_seeds":1,"minecraft:stone_pressure_plate":10,"iceandfire:dragonsteel_fire_pickaxe":1,"minecraft:iron_door":6,"minecraft:dried_kelp_block":1,"create:brass_funnel":6,"create:cogwheel":53,"minecraft:glass_bottle":30,"create:rose_quartz":4,"minecraft:emerald":1003,"storagedrawers:oak_full_drawers_1":5,"minecraft:smithing_table":3,"minecraft:fletching_table":2,"minecraft:oak_wood":9,"create:mechanical_mixer":1,"tombstone:white_marble":4,"minecraft:lectern":8,"minecraft:wooden_hoe":5,"minecraft:cherry_sign":24,"minecraft:stone_slab":6,"quark:oak_chest":13,"usefulbackpacks:backpack_large":2,"iceandfire:dragonsteel_fire_helmet":1,"betterend:golden_hammer":2,"minecraft:iron_pickaxe":1,"minecraft:iron_block":4,"minecraft:gold_ingot":106,"create:large_cogwheel":16,"bonsai:oak_bonsai_seeds":1,"storagedrawers:upgrade_template":4,"iceandfire:dragonsteel_fire_leggings":1,"minecraft:smooth_stone_slab":6,"create:wrench":1,"minecraft:iron_nugget":909,"minecraft:bone_meal":1134,"quark:cherry_bookshelf":8,"minecraft:cherry_trapdoor":24,"minecraft:ender_pearl":12,"minecraft:diamond_boots":1,"create:hose_pulley":1,"minecraft:redstone_block":6,"iceandfire:dragonsteel_fire_ingot":43,"create:electron_tube":4,"minecraft:dark_oak_planks":3,"iceandfire:dragonsteel_fire_chestplate":1,"tombstone:strange_scroll":2,"minecraft:wheat":108,"iceandfire:dragonsteel_fire_shovel":1,"minecraft:dried_kelp":12,"iceandfire:dragonsteel_fire_hoe":1,"minecraft:glowstone":20,"minecraft:enchanted_book":16,"bonsai:dark_oak_bonsai_seeds":5,"minecraft:golden_apple":5,"create:mechanical_arm":1,"minecraft:fermented_spider_eye":14,"minecraft:wooden_axe":1,"minecraft:armor_stand":1,"create:shaft":80,"minecraft:grindstone":2,"minecraft:oak_planks":1212,"iceandfire:dragonsteel_fire_axe":1,"minecraft:cherry_slab":54,"usefulbackpacks:backpack_small":2,"minecraft:stone":71,"create:mechanical_harvester":6,"create:mechanical_bearing":1,"quark:cherry_chest":8,"create:deployer":1,"create:cart_assembler":1,"bonsai:jungle_bonsai_seeds":4,"minecraft:rail":256,"create:brass_hand":1,"minecraft:oak_slab":6,"create:depot":4,"minecraft:crafting_table":9,"create:sand_paper":2,"minecraft:brewing_stand":3,"tombstone:decorative_grave_normal":1,"bonsai:acacia_bonsai_seeds":6,"minecraft:paper":6,"minecraft:diamond_pickaxe":3,"minecraft:yellow_dye":1,"create:water_wheel":17,"minecraft:shield":3,"create:super_glue":1,"create:portable_storage_interface":4,"iceandfire:dragonsteel_fire_sword":1,"minecraft:stick":25752,"minecraft:iron_ingot":714,"minecraft:shears":3,"create:empty_blaze_burner":10,"minecraft:cherry_planks":2860,"create:chute":4,"minecraft:nether_wart":14,"minecraft:redstone":60,"minecraft:coal":2007,"betterend:diamond_hammer":1,"iceandfire:dragonsteel_fire_boots":1,"minecraft:furnace":5,"minecraft:blast_furnace":3,"minecraft:flint_and_steel":1,"minecraft:iron_axe":2,"usefulbackpacks:backpack_medium":2,"create:basin":1,"minecraft:minecart":1,"minecraft:cooked_beef":15,"minecraft:sugar":14,"minecraft:red_dye":1,"create:andesite_alloy":128,"create:hand_crank":1,"elevatorid:elevator_white":3,"minecraft:powered_rail":12,"minecraft:iron_sword":1,"create:large_water_wheel":9,"tombstone:ankh_of_pray":1,"minecraft:bucket":4,"minecraft:air":0,"minecraft:bread":60,"minecraft:jungle_planks":40,"minecraft:oak_boat":1,"create:whisk":1,"storagedrawers:gold_storage_upgrade":1,"create:linear_chassis":6,"minecraft:anvil":1,"minecraft:torch":136,"create:zinc_ingot":105,"minecraft:lapis_lazuli":24,"minecraft:diamond_chestplate":1},"minecraft:picked_up":{"minecraft:iron_chestplate":1,"minecraft:anvil":3,"minecraft:smithing_table":2,"minecraft:lead":2,"minecraft:diamond_sword":2,"minecraft:oak_stairs":6,"minecraft:enchanted_book":2,"friendsandfoes:buttercup":1,"minecraft:brewing_stand":1,"betternether:nether_reed_stem":17,"iceandfire:manuscript":5,"minecraft:string":22,"minecraft:soul_soil":6,"create:water_wheel":4,"create:cart_assembler":1,"minecraft:gold_nugget":311,"minecraft:cobbled_deepslate":1,"minecraft:spruce_planks":3,"minecraft:melon_slice":20,"minecraft:coal_block":735,"create:andesite_casing":18,"minecraft:cherry_log":470,"betternether:bone_mushroom":137,"mekanism:raw_tin":23,"minecraft:stone_sword":2,"quark:clear_shard":32,"create:copper_casing":1,"iceandfire:fire_dragon_heart":1,"minecraft:iron_block":5,"create:mechanical_arm":1,"supplementaries:ash":3,"minecraft:blaze_rod":15,"bonsai:oak_bonsai_clippings":13,"iceandfire:sapphire_gem":4,"minecraft:magma_block":16,"minecraft:iron_door":1,"betternether:jungle_moss":56,"minecraft:jungle_wood":10,"burnt:burnt_book_shelf":2,"minecraft:smoker":1,"minecraft:flint":8,"minecraft:lantern":6,"simplehats:hatbag_epic":1,"create:goggles":1,"create:shaft":3,"minecraft:glowstone_dust":258,"create:super_glue":1,"betternether:smoker":5,"bonsai:dark_oak_bonsai_seeds":20,"create:empty_blaze_burner":19,"betternether:wall_moss":5,"iceandfire:dragon_skull_fire":1,"minecraft:bundle":1,"minecraft:deepslate":1,"iceandfire:lectern":1,"minecraft:cherry_slab":1,"iceandfire:raw_silver":5,"create:copper_sheet":20,"iceandfire:dragon_skull_lightning":1,"minecraft:crafting_table":9,"iceandfire:witherbone":10,"minecraft:clay_ball":8,"minecraft:leather_leggings":1,"simplehats:udder_hat":1,"alexsmobs:pigshoes":1,"minecraft:netherite_scrap":1,"create:brass_funnel":2,"minecraft:beef":27,"minecraft:jungle_sapling":4,"minecraft:poppy":5,"minecraft:minecart":1,"betternether:netherrack_stalactite":11,"minecraft:birch_sapling":3,"minecraft:egg":5,"simplehats:orange_hat":1,"minecraft:stone":4994,"bonsai:acacia_bonsai_seeds":4,"simplehats:hatbag_common":1,"betternether:soul_sandstone":3,"minecraft:fire_charge":1,"betternether:rubeus_log":16,"minecraft:carrot":1,"minecraft:redstone":25,"create:brass_casing":1,"create:vertical_gearbox":1,"minecraft:peony":1,"burnt:smoldering_log_start":4,"minecraft:hay_block":10,"create:depot":3,"minecraft:gold_ingot":134,"simplehats:monocle":1,"minecraft:bone_block":123,"minecraft:white_wool":36,"minecraft:rail":70,"minecraft:stripped_oak_log":5,"minecraft:yellow_dye":1,"minecraft:oak_log":197,"alexsmobs:mosquito_proboscis":1,"minecraft:paper":11,"tombstone:gift":3,"bonsai:oak_bonsai_seeds":14,"create:crushed_raw_iron":64,"minecraft:stone_bricks":8,"minecraft:apple":11,"iceandfire:pixie_jar_empty":2,"minecraft:kelp":28,"minecraft:cherry_sign":1,"minecraft:iron_sword":2,"elevatorid:elevator_white":1,"betternether:black_bush":1,"minecraft:gravel":308,"minecraft:crying_obsidian":7,"minecraft:oak_wood":1,"create:portable_storage_interface":4,"minecraft:red_nether_brick_slab":4,"minecraft:ender_pearl":4,"minecraft:wheat":18,"minecraft:iron_trapdoor":3,"simplehats:hatbag_rare":2,"minecraft:potion":4,"minecraft:nether_brick":26,"betternether:bone_block":84,"tombstone:grave_key":1,"minecraft:raw_copper":183,"alexsmobs:banana":3,"alexsmobs:blood_sac":1,"create:mechanical_press":4,"minecraft:smooth_stone":64,"minecraft:bucket":1,"comforts:sleeping_bag_white":23,"minecraft:red_dye":1,"minecraft:white_tulip":58,"minecraft:calcite":2143,"iceandfire:frozen_gravel":14,"minecraft:furnace":3,"minecraft:iron_boots":1,"iceandfire:pixie_dust":2,"minecraft:stick":203,"create:mechanical_mixer":2,"minecraft:oak_fence":4,"minecraft:torch":80,"tombstone:grave_dust":14,"minecraft:diorite":9,"betternether:lapis_pile":20,"create:large_cogwheel":63,"minecraft:cactus":91,"minecraft:rotten_flesh":41,"quark:hollow_cherry_log":4,"create:asurine":970,"minecraft:obsidian":34,"minecraft:cobblestone":7536,"minecraft:pink_petals":193,"minecraft:leather_chestplate":1,"minecraft:cherry_planks":3,"minecraft:andesite":418,"minecraft:potato":11,"minecraft:tuff":1,"create:raw_zinc":12,"minecraft:lapis_lazuli":5,"minecraft:dirt":595,"minecraft:glass":14,"minecraft:bone":65,"minecraft:bow":2,"minecraft:wheat_seeds":38,"minecraft:grindstone":2,"friendsandfoes:wildfire_crown_fragment":8,"simplehats:toptophathat":1,"minecraft:fletching_table":11,"minecraft:oak_planks":20,"simplehats:rgbeasterhead":1,"create:radial_chassis":3,"create:cogwheel":64,"minecraft:sand":211,"minecraft:grass_block":1,"minecraft:spectral_arrow":11,"minecraft:diamond":2,"waystones:waystone":6,"minecraft:bone_meal":109,"minecraft:golden_apple":1,"minecraft:emerald":43,"minecraft:oak_sapling":65,"minecraft:netherrack":642,"minecraft:cocoa_beans":4,"minecraft:charcoal":2,"minecraft:allium":1,"minecraft:splash_potion":2,"minecraft:brown_mushroom":27,"minecraft:stone_brick_wall":3,"minecraft:gold_block":1,"minecraft:oak_trapdoor":1,"minecraft:iron_axe":1,"minecraft:blackstone":59,"alexsmobs:elastic_tendon":1,"create:basin":3,"minecraft:lectern":648,"minecraft:sugar_cane":178,"betternether:rubeus_bark":39,"minecraft:cherry_trapdoor":2,"minecraft:phantom_membrane":9,"create:linear_chassis":2,"minecraft:dark_oak_sapling":5,"minecraft:raw_iron":32,"iceandfire:dragonbone":11,"iceandfire:dragonscales_green":22,"bonsai:dark_oak_bonsai_clippings":14,"betternether:wall_mushroom_red":4,"minecraft:copper_ingot":477,"minecraft:stone_button":2,"create:zinc_ingot":86,"create:deployer":1,"minecraft:dark_oak_planks":2,"minecraft:arrow":17,"simplehats:winghat":1,"minecraft:netherite_boots":1,"minecraft:basalt":1,"minecraft:leather":20,"betternether:wall_mushroom_brown":2,"minecraft:yellow_bed":2,"minecraft:gunpowder":2,"create:blaze_burner":11,"minecraft:iron_ingot":155,"storagedrawers:oak_full_drawers_1":4,"iceandfire:fire_dragon_flesh":3,"minecraft:acacia_sapling":6,"minecraft:soul_sand":18,"minecraft:book":189,"create:mechanical_bearing":1,"create:large_water_wheel":2,"minecraft:pumpkin":1,"minecraft:stone_brick_slab":4,"minecraft:quartz":30,"minecraft:dandelion":1,"burnt:burnt_dirt":3,"minecraft:blast_furnace":2,"minecraft:white_bed":5,"mekanism:raw_osmium":26,"quark:oak_chest":9,"minecraft:dark_oak_fence_gate":2,"minecraft:spider_eye":15,"create:brass_ingot":1,"create:encased_fan":4,"minecraft:iron_helmet":3,"mekanism:fluorite_gem":8,"minecraft:cherry_sapling":18,"minecraft:terracotta":2,"tombstone:magic_scroll":2,"minecraft:coal":420},"minecraft:killed":{"alexsmobs:murmur":1,"betternether:firefly":1,"creeperoverhaul:dripstone_creeper":1,"minecraft:skeleton":8,"minecraft:magma_cube":9,"minecraft:iron_golem":3,"minecraft:zombie":22,"minecraft:cow":15,"mekanismadditions:baby_skeleton":2,"iceandfire:siren":2,"minecraft:wandering_trader":2,"friendsandfoes:wildfire":1,"minecraft:enderman":3,"minecraft:spider":7,"minecraft:piglin":1,"minecraft:creeper":1,"alexsmobs:crimson_mosquito":1,"minecraft:trader_llama":3,"alexsmobs:fly":1,"minecraft:blaze":2,"mekanismadditions:baby_wither_skeleton":1,"minecraft:phantom":3,"iceandfire:fire_dragon":1,"takesapillage:skirmisher":1,"minecraft:wither_skeleton":1},"minecraft:mined":{"minecraft:dark_oak_planks":2,"minecraft:red_nether_brick_slab":4,"minecraft:white_bed":6,"create:copper_casing":1,"betternether:bone_block":84,"create:andesite_casing":18,"minecraft:cherry_log":104,"minecraft:jungle_leaves":290,"minecraft:red_nether_bricks":3,"minecraft:obsidian":24,"minecraft:coal_block":164,"betternether:jungle_moss":5,"minecraft:magma_block":33,"betternether:jungle_grass":1,"minecraft:fire":28,"minecraft:pumpkin":1,"minecraft:fletching_table":3,"minecraft:oak_stairs":1,"create:mechanical_press":5,"create:cogwheel":57,"betternether:netherrack_stalactite":3,"mekanism:osmium_ore":19,"minecraft:brown_mushroom":3,"minecraft:kelp_plant":9,"minecraft:smoker":1,"minecraft:soul_fire":2,"minecraft:torch":14,"minecraft:blast_furnace":2,"minecraft:melon":3,"mekanism:tin_ore":12,"minecraft:nether_brick_slab":3,"iceandfire:sapphire_ore":4,"minecraft:glass":11,"friendsandfoes:buttercup":1,"minecraft:sugar_cane":89,"minecraft:cherry_slab":1,"create:basin":3,"minecraft:jungle_wood":10,"create:portable_storage_interface":4,"storagedrawers:oak_full_drawers_1":4,"betternether:soul_grass":1,"create:mechanical_mixer":2,"burnt:burnt_book_shelf":2,"betternether:egg_plant":11,"minecraft:grass":33,"create:linear_chassis":2,"minecraft:deepslate":1,"iceandfire:silver_ore":5,"minecraft:nether_bricks":6,"create:encased_fan":4,"create:mechanical_arm":1,"minecraft:kelp":2,"minecraft:cherry_wall_sign":1,"create:shaft":3,"betternether:smoker":1,"minecraft:andesite":418,"betternether:wall_mushroom_brown":1,"minecraft:vine":141,"create:cart_assembler":1,"minecraft:rail":69,"create:deployer":1,"minecraft:bone_block":123,"minecraft:smithing_table":2,"minecraft:glass_pane":1,"minecraft:cherry_planks":5,"minecraft:soul_sand":1,"quark:oak_chest":9,"minecraft:dandelion":1,"betternether:rubeus_bark":66,"iceandfire:frozen_gravel":14,"minecraft:emerald_ore":4,"create:water_wheel":4,"minecraft:campfire":1,"minecraft:tall_grass":7,"minecraft:copper_ore":48,"minecraft:diorite":9,"create:water_wheel_structure":1,"create:blaze_burner":1,"betternether:jungle_plant":1,"create:gearbox":1,"minecraft:birch_leaves":113,"betternether:wall_mushroom_red":1,"create:mechanical_bearing":1,"minecraft:gravel":84,"mekanism:deepslate_fluorite_ore":3,"minecraft:iron_trapdoor":3,"minecraft:fern":1,"create:deepslate_zinc_ore":12,"minecraft:spruce_planks":3,"minecraft:farmland":2,"betternether:nether_reed_stem":13,"minecraft:brewing_stand":1,"minecraft:cherry_trapdoor":2,"minecraft:grass_block":65,"iceandfire:lectern":1,"minecraft:soul_soil":7,"minecraft:glowstone":89,"minecraft:iron_ore":24,"minecraft:anvil":3,"create:asurine":517,"create:radial_chassis":3,"minecraft:clay":2,"minecraft:calcite":2195,"minecraft:poppy":1,"minecraft:mushroom_stem":12,"create:brass_casing":1,"minecraft:nether_quartz_ore":22,"minecraft:cobblestone":8,"minecraft:grindstone":2,"minecraft:oak_planks":6,"minecraft:iron_door":1,"minecraft:wall_torch":23,"betternether:soul_sandstone":3,"minecraft:pink_petals":9,"betternether:swampland_grass":3,"mekanism:deepslate_tin_ore":11,"minecraft:oak_log":102,"minecraft:sand":129,"minecraft:dirt":526,"betternether:nether_redstone_ore":12,"minecraft:netherrack":628,"minecraft:oak_leaves":712,"create:brass_funnel":2,"minecraft:nether_gold_ore":76,"minecraft:tuff":1,"minecraft:dark_oak_leaves":171,"minecraft:deepslate_diamond_ore":2,"mekanism:deepslate_osmium_ore":7,"create:large_cogwheel":61,"create:depot":3,"minecraft:brown_mushroom_block":90,"betternether:black_bush":1,"minecraft:cracked_nether_bricks":1,"minecraft:hay_block":10,"minecraft:oak_trapdoor":1,"minecraft:furnace":3,"minecraft:gold_block":1,"betternether:wall_moss":2,"minecraft:bookshelf":48,"minecraft:deepslate_iron_ore":2,"minecraft:stripped_oak_log":3,"betternether:nether_lapis_ore":5,"minecraft:stone":7069,"minecraft:white_tulip":56,"iceandfire:pixie_jar_empty":2,"minecraft:acacia_leaves":245,"minecraft:basalt":1,"minecraft:oak_fence":2,"minecraft:crafting_table":9,"minecraft:oak_wood":1,"betternether:rubeus_log":16,"minecraft:sculk_sensor":2,"minecraft:lectern":641,"quark:hollow_cherry_log":4,"minecraft:lapis_ore":1,"betternether:rubeus_leaves":3,"minecraft:cactus":1,"minecraft:yellow_bed":2,"elevatorid:elevator_white":1,"minecraft:coal_ore":339,"minecraft:cocoa":2,"minecraft:cherry_leaves":578}},"DataVersion":3465}