{
  "comforts:sleeping_bag_light_blue": {
    "criteria": {
      "has_the_recipe": "2024-08-09 21:04:35 +0000"
    },
    "done": true
  },
  "iceandfire:iceandfire/root": {
    "criteria": {
      "tick": "2024-08-09 21:04:35 +0000"
    },
    "done": true
  },
  "comforts:hammock_purple": {
    "criteria": {
      "has_the_recipe": "2024-08-09 21:04:35 +0000"
    },
    "done": true
  },
  "comforts:sleeping_bag_pink": {
    "criteria": {
      "has_the_recipe": "2024-08-09 21:04:35 +0000"
    },
    "done": true
  },
  "comforts:hammock_magenta": {
    "criteria": {
      "has_the_recipe": "2024-08-09 21:04:35 +0000"
    },
    "done": true
  },
  "takesapillage:root": {
    "criteria": {
      "always": "2024-08-09 21:04:35 +0000"
    },
    "done": true
  },
  "comforts:hammock_red": {
    "criteria": {
      "has_the_recipe": "2024-08-09 21:04:35 +0000"
    },
    "done": true
  },
  "comforts:sleeping_bag_white": {
    "criteria": {
      "has_the_recipe": "2024-08-09 21:04:35 +0000"
    },
    "done": true
  },
  "comforts:sleeping_bag_gray": {
    "criteria": {
      "has_the_recipe": "2024-08-09 21:04:35 +0000"
    },
    "done": true
  },
  "comforts:rope_and_nail": {
    "criteria": {
      "has_the_recipe": "2024-08-09 21:04:35 +0000"
    },
    "done": true
  },
  "comforts:sleeping_bag_cyan": {
    "criteria": {
      "has_the_recipe": "2024-08-09 21:04:35 +0000"
    },
    "done": true
  },
  "comforts:sleeping_bag_light_gray": {
    "criteria": {
      "has_the_recipe": "2024-08-09 21:04:35 +0000"
    },
    "done": true
  },
  "comforts:hammock_black": {
    "criteria": {
      "has_the_recipe": "2024-08-09 21:04:35 +0000"
    },
    "done": true
  },
  "friendsandfoes:misc/yellow_dye_from_buttercup": {
    "criteria": {
      "has_the_recipe": "2024-08-09 21:04:35 +0000"
    },
    "done": true
  },
  "create:root": {
    "criteria": {
      "0": "2024-08-09 21:04:35 +0000"
    },
    "done": true
  },
  "naturescompass:natures_compass_log": {
    "criteria": {
      "has_recipe": "2024-08-09 21:04:35 +0000"
    },
    "done": true
  },
  "comforts:hammock_gray": {
    "criteria": {
      "has_the_recipe": "2024-08-09 21:04:35 +0000"
    },
    "done": true
  },
  "comforts:hammock_cyan": {
    "criteria": {
      "has_the_recipe": "2024-08-09 21:04:35 +0000"
    },
    "done": true
  },
  "comforts:sleeping_bag_purple": {
    "criteria": {
      "has_the_recipe": "2024-08-09 21:04:35 +0000"
    },
    "done": true
  },
  "comforts:sleeping_bag_green": {
    "criteria": {
      "has_the_recipe": "2024-08-09 21:04:35 +0000"
    },
    "done": true
  },
  "comforts:hammock_light_blue": {
    "criteria": {
      "has_the_recipe": "2024-08-09 21:04:35 +0000"
    },
    "done": true
  },
  "comforts:sleeping_bag_magenta": {
    "criteria": {
      "has_the_recipe": "2024-08-09 21:04:35 +0000"
    },
    "done": true
  },
  "comforts:hammock_green": {
    "criteria": {
      "has_the_recipe": "2024-08-09 21:04:35 +0000"
    },
    "done": true
  },
  "repurposed_structures:root": {
    "criteria": {
      "always": "2024-08-09 21:04:35 +0000"
    },
    "done": true
  },
  "naturescompass:natures_compass": {
    "criteria": {
      "has_recipe": "2024-08-09 21:04:35 +0000"
    },
    "done": true
  },
  "comforts:sleeping_bag_black": {
    "criteria": {
      "has_the_recipe": "2024-08-09 21:04:35 +0000"
    },
    "done": true
  },
  "comforts:hammock_lime": {
    "criteria": {
      "has_the_recipe": "2024-08-09 21:04:35 +0000"
    },
    "done": true
  },
  "naturescompass:natures_compass_sapling": {
    "criteria": {
      "has_recipe": "2024-08-09 21:04:35 +0000"
    },
    "done": true
  },
  "comforts:sleeping_bag_red": {
    "criteria": {
      "has_the_recipe": "2024-08-09 21:04:35 +0000"
    },
    "done": true
  },
  "comforts:sleeping_bag_orange": {
    "criteria": {
      "has_the_recipe": "2024-08-09 21:04:35 +0000"
    },
    "done": true
  },
  "mekanism:root": {
    "criteria": {
      "automatic": "2024-08-09 21:04:35 +0000"
    },
    "done": true
  },
  "comforts:hammock_blue": {
    "criteria": {
      "has_the_recipe": "2024-08-09 21:04:35 +0000"
    },
    "done": true
  },
  "comforts:hammock_white": {
    "criteria": {
      "has_the_recipe": "2024-08-09 21:04:35 +0000"
    },
    "done": true
  },
  "comforts:hammock_light_gray": {
    "criteria": {
      "has_the_recipe": "2024-08-09 21:04:35 +0000"
    },
    "done": true
  },
  "comforts:sleeping_bag_brown": {
    "criteria": {
      "has_the_recipe": "2024-08-09 21:04:35 +0000"
    },
    "done": true
  },
  "betterdungeons:root": {
    "criteria": {
      "always": "2024-08-09 21:04:35 +0000"
    },
    "done": true
  },
  "comforts:hammock_pink": {
    "criteria": {
      "has_the_recipe": "2024-08-09 21:04:35 +0000"
    },
    "done": true
  },
  "comforts:hammock_brown": {
    "criteria": {
      "has_the_recipe": "2024-08-09 21:04:35 +0000"
    },
    "done": true
  },
  "comforts:sleeping_bag_lime": {
    "criteria": {
      "has_the_recipe": "2024-08-09 21:04:35 +0000"
    },
    "done": true
  },
  "comforts:hammock_yellow": {
    "criteria": {
      "has_the_recipe": "2024-08-09 21:04:35 +0000"
    },
    "done": true
  },
  "comforts:sleeping_bag_blue": {
    "criteria": {
      "has_the_recipe": "2024-08-09 21:04:35 +0000"
    },
    "done": true
  },
  "betterdeserttemples:root": {
    "criteria": {
      "always": "2024-08-09 21:04:35 +0000"
    },
    "done": true
  },
  "comforts:sleeping_bag_yellow": {
    "criteria": {
      "has_the_recipe": "2024-08-09 21:04:35 +0000"
    },
    "done": true
  },
  "comforts:hammock_orange": {
    "criteria": {
      "has_the_recipe": "2024-08-09 21:04:35 +0000"
    },
    "done": true
  },
  "betternether:root": {
    "criteria": {
      "welcome": "2024-08-09 21:04:36 +0000"
    },
    "done": true
  },
  "betterend:root": {
    "criteria": {
      "welcome": "2024-08-09 21:04:36 +0000"
    },
    "done": true
  },
  "tombstone:adventure/root": {
    "criteria": {
      "auto": "2024-08-09 21:04:36 +0000"
    },
    "done": true
  },
  "minecraft:adventure/adventuring_time": {
    "criteria": {
      "minecraft:cherry_grove": "2024-08-09 22:48:17 +0000",
      "minecraft:birch_forest": "2024-08-09 22:20:46 +0000",
      "minecraft:wooded_badlands": "2024-08-14 02:14:31 +0000",
      "minecraft:badlands": "2024-08-14 02:13:58 +0000",
      "minecraft:savanna_plateau": "2024-08-09 23:40:43 +0000",
      "minecraft:beach": "2024-08-10 00:44:51 +0000",
      "minecraft:dark_forest": "2024-08-09 21:05:01 +0000",
      "minecraft:sparse_jungle": "2024-08-09 22:18:14 +0000",
      "minecraft:river": "2024-08-09 21:04:54 +0000",
      "minecraft:lukewarm_ocean": "2024-08-09 22:12:31 +0000",
      "minecraft:dripstone_caves": "2024-08-09 22:43:09 +0000",
      "minecraft:jagged_peaks": "2024-08-14 02:23:22 +0000",
      "minecraft:forest": "2024-08-09 22:22:10 +0000",
      "minecraft:desert": "2024-08-10 00:46:13 +0000",
      "minecraft:jungle": "2024-08-09 22:16:45 +0000",
      "minecraft:ocean": "2024-08-09 22:21:17 +0000",
      "minecraft:warm_ocean": "2024-08-14 02:42:07 +0000",
      "minecraft:flower_forest": "2024-08-12 22:42:12 +0000",
      "minecraft:deep_dark": "2024-08-10 00:23:19 +0000",
      "minecraft:meadow": "2024-08-09 22:23:55 +0000",
      "minecraft:savanna": "2024-08-09 23:40:54 +0000",
      "minecraft:plains": "2024-08-09 22:31:29 +0000"
    },
    "done": false
  },
  "minecraft:story/smelt_iron": {
    "criteria": {
      "iron": "2024-08-09 22:13:07 +0000"
    },
    "done": true
  },
  "tombstone:adventure/first_grave": {
    "criteria": {
      "coded_trigger": "2024-08-09 22:14:07 +0000"
    },
    "done": true
  },
  "tombstone:recipes/from_grave_key": {
    "criteria": {
      "has_ingredient": "2024-08-09 22:14:09 +0000"
    },
    "done": true
  },
  "minecraft:husbandry/balanced_diet": {
    "criteria": {
      "cooked_mutton": "2024-08-14 02:25:43 +0000",
      "cooked_beef": "2024-08-10 00:22:30 +0000",
      "apple": "2024-08-15 22:01:33 +0000",
      "bread": "2024-08-09 22:38:14 +0000",
      "melon_slice": "2024-08-09 22:19:18 +0000",
      "carrot": "2024-08-10 02:49:38 +0000"
    },
    "done": false
  },
  "minecraft:husbandry/root": {
    "criteria": {
      "consumed_item": "2024-08-09 22:19:18 +0000"
    },
    "done": true
  },
  "mekanismadditions:hurt_by_babies": {
    "criteria": {
      "baby_wither_skeleton": "2024-08-15 02:44:31 +0000",
      "baby_skeleton": "2024-08-09 22:20:52 +0000",
      "baby_creeper": "2024-08-10 02:53:03 +0000"
    },
    "done": false
  },
  "supplementaries:adventure/way_sign": {
    "criteria": {
      "bastion": "2024-08-09 22:20:58 +0000"
    },
    "done": true
  },
  "minecraft:adventure/sleep_in_bed": {
    "criteria": {
      "slept_in_bed": "2024-08-09 22:24:11 +0000"
    },
    "done": true
  },
  "minecraft:story/root": {
    "criteria": {
      "crafting_table": "2024-08-09 22:26:22 +0000"
    },
    "done": true
  },
  "minecraft:adventure/root": {
    "criteria": {
      "killed_by_something": "2024-08-09 22:29:33 +0000"
    },
    "done": true
  },
  "tombstone:adventure/chain_death": {
    "criteria": {
      "coded_trigger": "2024-08-09 22:30:12 +0000"
    },
    "done": true
  },
  "minecraft:story/obtain_armor": {
    "criteria": {
      "iron_chestplate": "2024-08-09 22:31:02 +0000"
    },
    "done": true
  },
  "minecraft:story/form_obsidian": {
    "criteria": {
      "obsidian": "2024-08-09 22:31:25 +0000"
    },
    "done": true
  },
  "minecraft:story/mine_diamond": {
    "criteria": {
      "diamond": "2024-08-09 22:32:03 +0000"
    },
    "done": true
  },
  "tombstone:adventure/cancel_ghostly_shape": {
    "criteria": {
      "coded_trigger": "2024-08-09 22:36:22 +0000"
    },
    "done": true
  },
  "tombstone:adventure/first_knowledge": {
    "criteria": {
      "coded_trigger": "2024-08-09 22:36:22 +0000"
    },
    "done": true
  },
  "minecraft:adventure/kill_all_mobs": {
    "criteria": {
      "minecraft:pillager": "2024-08-12 23:04:57 +0000",
      "minecraft:blaze": "2024-08-13 22:27:13 +0000",
      "minecraft:skeleton": "2024-08-09 22:37:54 +0000",
      "minecraft:magma_cube": "2024-08-13 22:13:12 +0000",
      "minecraft:spider": "2024-08-10 02:30:47 +0000",
      "minecraft:creeper": "2024-08-09 23:14:25 +0000",
      "minecraft:wither_skeleton": "2024-08-15 02:44:21 +0000",
      "minecraft:husk": "2024-08-14 02:43:42 +0000",
      "minecraft:piglin": "2024-08-13 22:22:18 +0000",
      "minecraft:zombie": "2024-08-09 22:39:04 +0000",
      "minecraft:drowned": "2024-08-13 23:14:14 +0000",
      "minecraft:zombie_villager": "2024-08-13 00:30:03 +0000"
    },
    "done": false
  },
  "minecraft:adventure/kill_a_mob": {
    "criteria": {
      "minecraft:skeleton": "2024-08-09 22:37:54 +0000"
    },
    "done": true
  },
  "tombstone:adventure/find_grave_dust": {
    "criteria": {
      "from_undead": "2024-08-09 22:39:04 +0000"
    },
    "done": true
  },
  "minecraft:husbandry/bred_all_animals": {
    "criteria": {
      "minecraft:cow": "2024-08-09 23:12:50 +0000",
      "minecraft:sheep": "2024-08-09 23:42:33 +0000",
      "minecraft:chicken": "2024-08-13 20:01:43 +0000"
    },
    "done": false
  },
  "minecraft:husbandry/breed_an_animal": {
    "criteria": {
      "bred": "2024-08-09 23:12:50 +0000"
    },
    "done": true
  },
  "repurposed_structures:villages": {
    "criteria": {
      "in_village_cherry": "2024-08-09 23:16:47 +0000"
    },
    "done": false
  },
  "artifacts:amateur_archaeologist": {
    "criteria": {
      "find_artifact": "2024-08-09 23:17:14 +0000"
    },
    "done": true
  },
  "iceandfire:iceandfire/kill_if_dragon": {
    "criteria": {
      "killed_ice_dragon": "2024-08-09 23:30:42 +0000"
    },
    "done": true
  },
  "minecraft:story/mine_stone": {
    "criteria": {
      "get_stone": "2024-08-09 23:46:42 +0000"
    },
    "done": true
  },
  "minecraft:story/iron_tools": {
    "criteria": {
      "iron_pickaxe": "2024-08-09 23:50:37 +0000"
    },
    "done": true
  },
  "repurposed_structures:mineshafts": {
    "criteria": {
      "in_mineshaft_nether": "2024-08-15 02:40:40 +0000",
      "in_mineshaft_savanna": "2024-08-09 23:51:45 +0000"
    },
    "done": false
  },
  "tombstone:recipes/from_grave_dust": {
    "criteria": {
      "has_ingredient": "2024-08-10 00:02:34 +0000"
    },
    "done": true
  },
  "minecraft:story/lava_bucket": {
    "criteria": {
      "lava_bucket": "2024-08-10 00:07:42 +0000"
    },
    "done": true
  },
  "create:copper": {
    "criteria": {
      "0": "2024-08-10 00:10:56 +0000"
    },
    "done": true
  },
  "minecraft:adventure/avoid_vibration": {
    "criteria": {
      "avoid_vibration": "2024-08-10 00:25:05 +0000"
    },
    "done": true
  },
  "mekanism:materials": {
    "criteria": {
      "material": "2024-08-10 00:25:31 +0000"
    },
    "done": true
  },
  "artifacts:chest_slayer": {
    "criteria": {
      "kill_mimic": "2024-08-10 00:34:22 +0000"
    },
    "done": true
  },
  "alexsmobs:alexsmobs/seagull_steal": {
    "criteria": {
      "ex": "2024-08-10 00:44:57 +0000"
    },
    "done": true
  },
  "create:andesite_alloy": {
    "criteria": {
      "0": "2024-08-10 00:52:43 +0000"
    },
    "done": true
  },
  "create:andesite_casing": {
    "criteria": {
      "0": "2024-08-10 00:53:34 +0000"
    },
    "done": true
  },
  "create:water_wheel": {
    "criteria": {
      "0": "2024-08-10 00:57:14 +0000"
    },
    "done": true
  },
  "create:shifting_gears": {
    "criteria": {
      "0": "2024-08-10 00:57:47 +0000"
    },
    "done": true
  },
  "create:millstone": {
    "criteria": {
      "0": "2024-08-10 00:58:01 +0000"
    },
    "done": true
  },
  "minecraft:husbandry/plant_seed": {
    "criteria": {
      "wheat": "2024-08-10 01:08:40 +0000"
    },
    "done": true
  },
  "mekanismadditions:not_the_babies": {
    "criteria": {
      "baby_skeleton": "2024-08-10 01:44:33 +0000"
    },
    "done": true
  },
  "tombstone:adventure/strong_or_careful": {
    "criteria": {
      "coded_trigger": "2024-08-10 01:55:00 +0000"
    },
    "done": true
  },
  "minecraft:story/upgrade_tools": {
    "criteria": {
      "stone_pickaxe": "2024-08-10 02:14:54 +0000"
    },
    "done": true
  },
  "tombstone:adventure/neighborhood_brawl": {
    "criteria": {
      "coded_trigger": "2024-08-10 02:28:34 +0000"
    },
    "done": true
  },
  "tombstone:adventure/ashes_and_bones": {
    "criteria": {
      "coded_trigger": "2024-08-10 02:28:36 +0000"
    },
    "done": true
  },
  "create:mechanical_press": {
    "criteria": {
      "0": "2024-08-10 02:38:45 +0000"
    },
    "done": true
  },
  "create:wrench_goggles": {
    "criteria": {
      "0": "2024-08-10 02:39:31 +0000",
      "1": "2024-08-13 01:27:23 +0000"
    },
    "done": true
  },
  "minecraft:story/deflect_arrow": {
    "criteria": {
      "deflected_projectile": "2024-08-10 02:49:09 +0000"
    },
    "done": true
  },
  "betternether:all_the_biomes": {
    "criteria": {
      "betternether:gravel_desert": "2024-08-13 22:18:31 +0000",
      "betternether:old_swampland": "2024-08-13 22:13:12 +0000",
      "betternether:nether_swampland": "2024-08-13 22:13:48 +0000",
      "betternether:upside_down_forest": "2024-08-15 02:46:45 +0000",
      "betternether:nether_jungle": "2024-08-12 01:28:27 +0000",
      "betternether:nether_swampland_terraces": "2024-08-12 01:29:31 +0000"
    },
    "done": false
  },
  "minecraft:nether/root": {
    "criteria": {
      "entered_nether": "2024-08-12 01:28:27 +0000"
    },
    "done": true
  },
  "betternether:enter_nether": {
    "criteria": {
      "entered_nether": "2024-08-12 01:28:27 +0000"
    },
    "done": true
  },
  "minecraft:story/enter_the_nether": {
    "criteria": {
      "entered_nether": "2024-08-12 01:28:27 +0000"
    },
    "done": true
  },
  "create:encased_fan": {
    "criteria": {
      "0": "2024-08-12 01:33:08 +0000"
    },
    "done": true
  },
  "create:fan_processing": {
    "criteria": {
      "0": "2024-08-12 01:36:48 +0000"
    },
    "done": true
  },
  "create:rose_quartz": {
    "criteria": {
      "0": "2024-08-12 01:41:49 +0000"
    },
    "done": true
  },
  "burnt:pyromaniac": {
    "criteria": {
      "pyromaniac_0": "2024-08-12 01:50:50 +0000"
    },
    "done": true
  },
  "create:burner": {
    "criteria": {
      "0": "2024-08-12 01:55:00 +0000"
    },
    "done": true
  },
  "create:contraption_actors": {
    "criteria": {
      "0": "2024-08-12 02:00:09 +0000"
    },
    "done": true
  },
  "create:mechanical_mixer": {
    "criteria": {
      "0": "2024-08-12 22:03:43 +0000"
    },
    "done": true
  },
  "create:brass": {
    "criteria": {
      "0": "2024-08-12 22:03:47 +0000"
    },
    "done": true
  },
  "create:mechanical_crafter": {
    "criteria": {
      "0": "2024-08-12 22:07:44 +0000"
    },
    "done": true
  },
  "create:crushing_wheel": {
    "criteria": {
      "0": "2024-08-12 22:21:38 +0000"
    },
    "done": true
  },
  "minecraft:story/shiny_gear": {
    "criteria": {
      "diamond_helmet": "2024-08-12 22:25:58 +0000"
    },
    "done": true
  },
  "tombstone:adventure/ambush": {
    "criteria": {
      "coded_trigger": "2024-08-12 23:04:57 +0000"
    },
    "done": true
  },
  "alexsmobs:alexsmobs/root": {
    "criteria": {
      "useitem": "2024-08-12 23:31:03 +0000"
    },
    "done": true
  },
  "minecraft:adventure/trade": {
    "criteria": {
      "traded": "2024-08-13 00:22:54 +0000"
    },
    "done": true
  },
  "create:funnel": {
    "criteria": {
      "0": "2024-08-13 01:37:31 +0000"
    },
    "done": true
  },
  "create_enchantment_industry:experienced_engineer": {
    "criteria": {
      "have_experience_nugget": "2024-08-13 21:50:25 +0000"
    },
    "done": true
  },
  "create_enchantment_industry:recipes/experience_rotor": {
    "criteria": {
      "has_item": "2024-08-13 21:50:25 +0000"
    },
    "done": true
  },
  "quark:overlevel_enchant": {
    "criteria": {
      "overlevel_enchant": "2024-08-13 22:11:22 +0000"
    },
    "done": true
  },
  "minecraft:nether/explore_nether": {
    "criteria": {
      "minecraft:nether_wastes": "2024-08-13 22:19:33 +0000",
      "minecraft:soul_sand_valley": "2024-08-13 22:28:02 +0000"
    },
    "done": false
  },
  "minecraft:nether/obtain_blaze_rod": {
    "criteria": {
      "blaze_rod": "2024-08-13 22:27:14 +0000"
    },
    "done": true
  },
  "endrem:main/nether_eye": {
    "criteria": {
      "nether_eye": "2024-08-13 22:27:41 +0000"
    },
    "done": true
  },
  "endrem:main/root": {
    "criteria": {
      "nether_eye": "2024-08-13 22:27:41 +0000"
    },
    "done": true
  },
  "iceandfire:iceandfire/dragon_egg": {
    "criteria": {
      "egg": "2024-08-13 23:59:23 +0000"
    },
    "done": true
  },
  "minecraft:husbandry/tame_an_animal": {
    "criteria": {
      "tamed_animal": "2024-08-14 00:08:32 +0000"
    },
    "done": true
  },
  "iceandfire:iceandfire/dragon_horn": {
    "criteria": {
      "bestiary": "2024-08-14 00:09:33 +0000"
    },
    "done": true
  },
  "iceandfire:iceandfire/dragon_meal": {
    "criteria": {
      "bestiary": "2024-08-14 00:12:58 +0000"
    },
    "done": true
  },
  "iceandfire:iceandfire/dragon_staff": {
    "criteria": {
      "bestiary": "2024-08-14 00:13:52 +0000"
    },
    "done": true
  },
  "tombstone:adventure/bone_crusher": {
    "criteria": {
      "coded_trigger": "2024-08-14 00:24:05 +0000"
    },
    "done": true
  },
  "minecraft:story/cure_zombie_villager": {
    "criteria": {
      "cured_zombie": "2024-08-14 00:53:41 +0000"
    },
    "done": true
  },
  "iceandfire:iceandfire/dragonarmor": {
    "criteria": {
      "iron": "2024-08-14 01:36:22 +0000"
    },
    "done": true
  },
  "tombstone:adventure/fortuitous_militia": {
    "criteria": {
      "coded_trigger": "2024-08-14 01:48:22 +0000"
    },
    "done": true
  },
  "alexsmobs:alexsmobs/acacia_blossom": {
    "criteria": {
      "acacia_blossom": "2024-08-14 01:59:14 +0000"
    },
    "done": true
  },
  "iceandfire:iceandfire/dragon_flute": {
    "criteria": {
      "bestiary": "2024-08-14 02:03:19 +0000"
    },
    "done": true
  },
  "iceandfire:iceandfire/kill_cyclops": {
    "criteria": {
      "killed_fire_dragon": "2024-08-14 02:05:59 +0000"
    },
    "done": true
  },
  "alexsmobs:alexsmobs/kangaroo": {
    "criteria": {
      "killed_by": "2024-08-14 02:15:57 +0000"
    },
    "done": true
  },
  "alexsmobs:alexsmobs/sunbird_blessing": {
    "criteria": {
      "all_effects": "2024-08-14 02:22:51 +0000"
    },
    "done": true
  },
  "minecraft:adventure/voluntary_exile": {
    "criteria": {
      "voluntary_exile": "2024-08-14 02:39:03 +0000"
    },
    "done": true
  },
  "repurposed_structures:outposts": {
    "criteria": {
      "in_outpost_badlands": "2024-08-14 02:39:15 +0000"
    },
    "done": false
  },
  "betterdungeons:all_dungeons": {
    "criteria": {
      "in_better_spider_dungeon": "2024-08-14 02:49:50 +0000"
    },
    "done": false
  },
  "betterdungeons:spider_dungeon": {
    "criteria": {
      "in_better_spider_dungeon": "2024-08-14 02:49:50 +0000"
    },
    "done": true
  },
  "iceandfire:iceandfire/dragon_forge_brick": {
    "criteria": {
      "forge": "2024-08-14 18:57:52 +0000"
    },
    "done": true
  },
  "iceandfire:iceandfire/dragon_forge_core": {
    "criteria": {
      "core": "2024-08-14 18:59:08 +0000"
    },
    "done": true
  },
  "iceandfire:iceandfire/dragonsteel": {
    "criteria": {
      "steel": "2024-08-14 19:02:23 +0000"
    },
    "done": true
  },
  "iceandfire:iceandfire/dragonsteel_weapon": {
    "criteria": {
      "sword": "2024-08-14 19:05:04 +0000"
    },
    "done": true
  },
  "friendsandfoes:nether/find_citadel": {
    "criteria": {
      "citadel": "2024-08-15 02:42:08 +0000"
    },
    "done": true
  },
  "friendsandfoes:nether/kill_wildfire": {
    "criteria": {
      "killed_wildfire": "2024-08-15 02:43:02 +0000"
    },
    "done": true
  },
  "repurposed_structures:shipwrecks": {
    "criteria": {
      "in_shipwreck_nether_bricks": "2024-08-15 02:44:20 +0000"
    },
    "done": false
  },
  "minecraft:nether/find_fortress": {
    "criteria": {
      "in_better_fortress": "2024-08-15 02:47:25 +0000"
    },
    "done": true
  },
  "DataVersion": 3465
}