{
  "comforts:sleeping_bag_light_blue": {
    "criteria": {
      "has_the_recipe": "2024-08-09 22:10:24 +0000"
    },
    "done": true
  },
  "iceandfire:iceandfire/root": {
    "criteria": {
      "tick": "2024-08-09 22:10:24 +0000"
    },
    "done": true
  },
  "comforts:hammock_purple": {
    "criteria": {
      "has_the_recipe": "2024-08-09 22:10:24 +0000"
    },
    "done": true
  },
  "comforts:sleeping_bag_pink": {
    "criteria": {
      "has_the_recipe": "2024-08-09 22:10:24 +0000"
    },
    "done": true
  },
  "comforts:hammock_magenta": {
    "criteria": {
      "has_the_recipe": "2024-08-09 22:10:24 +0000"
    },
    "done": true
  },
  "takesapillage:root": {
    "criteria": {
      "always": "2024-08-09 22:10:24 +0000"
    },
    "done": true
  },
  "comforts:hammock_red": {
    "criteria": {
      "has_the_recipe": "2024-08-09 22:10:24 +0000"
    },
    "done": true
  },
  "comforts:sleeping_bag_white": {
    "criteria": {
      "has_the_recipe": "2024-08-09 22:10:24 +0000"
    },
    "done": true
  },
  "comforts:sleeping_bag_gray": {
    "criteria": {
      "has_the_recipe": "2024-08-09 22:10:24 +0000"
    },
    "done": true
  },
  "comforts:rope_and_nail": {
    "criteria": {
      "has_the_recipe": "2024-08-09 22:10:24 +0000"
    },
    "done": true
  },
  "comforts:sleeping_bag_cyan": {
    "criteria": {
      "has_the_recipe": "2024-08-09 22:10:24 +0000"
    },
    "done": true
  },
  "comforts:sleeping_bag_light_gray": {
    "criteria": {
      "has_the_recipe": "2024-08-09 22:10:24 +0000"
    },
    "done": true
  },
  "comforts:hammock_black": {
    "criteria": {
      "has_the_recipe": "2024-08-09 22:10:24 +0000"
    },
    "done": true
  },
  "friendsandfoes:misc/yellow_dye_from_buttercup": {
    "criteria": {
      "has_the_recipe": "2024-08-09 22:10:24 +0000"
    },
    "done": true
  },
  "create:root": {
    "criteria": {
      "0": "2024-08-09 22:10:24 +0000"
    },
    "done": true
  },
  "naturescompass:natures_compass_log": {
    "criteria": {
      "has_recipe": "2024-08-09 22:10:24 +0000"
    },
    "done": true
  },
  "comforts:hammock_gray": {
    "criteria": {
      "has_the_recipe": "2024-08-09 22:10:24 +0000"
    },
    "done": true
  },
  "comforts:hammock_cyan": {
    "criteria": {
      "has_the_recipe": "2024-08-09 22:10:24 +0000"
    },
    "done": true
  },
  "comforts:sleeping_bag_purple": {
    "criteria": {
      "has_the_recipe": "2024-08-09 22:10:24 +0000"
    },
    "done": true
  },
  "comforts:sleeping_bag_green": {
    "criteria": {
      "has_the_recipe": "2024-08-09 22:10:24 +0000"
    },
    "done": true
  },
  "comforts:hammock_light_blue": {
    "criteria": {
      "has_the_recipe": "2024-08-09 22:10:24 +0000"
    },
    "done": true
  },
  "comforts:sleeping_bag_magenta": {
    "criteria": {
      "has_the_recipe": "2024-08-09 22:10:24 +0000"
    },
    "done": true
  },
  "comforts:hammock_green": {
    "criteria": {
      "has_the_recipe": "2024-08-09 22:10:24 +0000"
    },
    "done": true
  },
  "repurposed_structures:root": {
    "criteria": {
      "always": "2024-08-09 22:10:24 +0000"
    },
    "done": true
  },
  "naturescompass:natures_compass": {
    "criteria": {
      "has_recipe": "2024-08-09 22:10:24 +0000"
    },
    "done": true
  },
  "comforts:sleeping_bag_black": {
    "criteria": {
      "has_the_recipe": "2024-08-09 22:10:24 +0000"
    },
    "done": true
  },
  "comforts:hammock_lime": {
    "criteria": {
      "has_the_recipe": "2024-08-09 22:10:24 +0000"
    },
    "done": true
  },
  "naturescompass:natures_compass_sapling": {
    "criteria": {
      "has_recipe": "2024-08-09 22:10:24 +0000"
    },
    "done": true
  },
  "comforts:sleeping_bag_red": {
    "criteria": {
      "has_the_recipe": "2024-08-09 22:10:24 +0000"
    },
    "done": true
  },
  "comforts:sleeping_bag_orange": {
    "criteria": {
      "has_the_recipe": "2024-08-09 22:10:24 +0000"
    },
    "done": true
  },
  "mekanism:root": {
    "criteria": {
      "automatic": "2024-08-09 22:10:24 +0000"
    },
    "done": true
  },
  "comforts:hammock_blue": {
    "criteria": {
      "has_the_recipe": "2024-08-09 22:10:24 +0000"
    },
    "done": true
  },
  "comforts:hammock_white": {
    "criteria": {
      "has_the_recipe": "2024-08-09 22:10:24 +0000"
    },
    "done": true
  },
  "comforts:hammock_light_gray": {
    "criteria": {
      "has_the_recipe": "2024-08-09 22:10:24 +0000"
    },
    "done": true
  },
  "comforts:sleeping_bag_brown": {
    "criteria": {
      "has_the_recipe": "2024-08-09 22:10:24 +0000"
    },
    "done": true
  },
  "betterdungeons:root": {
    "criteria": {
      "always": "2024-08-09 22:10:24 +0000"
    },
    "done": true
  },
  "comforts:hammock_pink": {
    "criteria": {
      "has_the_recipe": "2024-08-09 22:10:24 +0000"
    },
    "done": true
  },
  "comforts:hammock_brown": {
    "criteria": {
      "has_the_recipe": "2024-08-09 22:10:24 +0000"
    },
    "done": true
  },
  "comforts:sleeping_bag_lime": {
    "criteria": {
      "has_the_recipe": "2024-08-09 22:10:24 +0000"
    },
    "done": true
  },
  "comforts:hammock_yellow": {
    "criteria": {
      "has_the_recipe": "2024-08-09 22:10:24 +0000"
    },
    "done": true
  },
  "comforts:sleeping_bag_blue": {
    "criteria": {
      "has_the_recipe": "2024-08-09 22:10:24 +0000"
    },
    "done": true
  },
  "betterdeserttemples:root": {
    "criteria": {
      "always": "2024-08-09 22:10:24 +0000"
    },
    "done": true
  },
  "comforts:sleeping_bag_yellow": {
    "criteria": {
      "has_the_recipe": "2024-08-09 22:10:24 +0000"
    },
    "done": true
  },
  "comforts:hammock_orange": {
    "criteria": {
      "has_the_recipe": "2024-08-09 22:10:24 +0000"
    },
    "done": true
  },
  "betternether:root": {
    "criteria": {
      "welcome": "2024-08-09 22:10:26 +0000"
    },
    "done": true
  },
  "betterend:root": {
    "criteria": {
      "welcome": "2024-08-09 22:10:26 +0000"
    },
    "done": true
  },
  "tombstone:adventure/root": {
    "criteria": {
      "auto": "2024-08-09 22:10:26 +0000"
    },
    "done": true
  },
  "minecraft:adventure/adventuring_time": {
    "criteria": {
      "minecraft:cherry_grove": "2024-08-09 22:48:18 +0000",
      "minecraft:birch_forest": "2024-08-09 22:21:05 +0000",
      "minecraft:wooded_badlands": "2024-08-14 02:40:23 +0000",
      "minecraft:badlands": "2024-08-14 02:40:21 +0000",
      "minecraft:savanna_plateau": "2024-08-13 00:21:37 +0000",
      "minecraft:beach": "2024-08-09 22:35:35 +0000",
      "minecraft:dark_forest": "2024-08-09 22:19:06 +0000",
      "minecraft:sparse_jungle": "2024-08-09 22:18:17 +0000",
      "minecraft:river": "2024-08-09 22:21:38 +0000",
      "minecraft:dripstone_caves": "2024-08-10 02:49:42 +0000",
      "minecraft:forest": "2024-08-09 22:22:47 +0000",
      "minecraft:lush_caves": "2024-08-09 22:11:52 +0000",
      "minecraft:jungle": "2024-08-09 22:16:50 +0000",
      "minecraft:ocean": "2024-08-09 22:21:35 +0000",
      "minecraft:old_growth_birch_forest": "2024-08-14 00:38:24 +0000",
      "minecraft:deep_dark": "2024-08-10 02:54:27 +0000",
      "minecraft:meadow": "2024-08-09 22:23:31 +0000",
      "minecraft:savanna": "2024-08-13 00:21:32 +0000",
      "minecraft:plains": "2024-08-09 22:23:26 +0000"
    },
    "done": false
  },
  "alexsmobs:alexsmobs/seagull_steal": {
    "criteria": {
      "ex": "2024-08-09 22:13:30 +0000"
    },
    "done": true
  },
  "alexsmobs:alexsmobs/banana": {
    "criteria": {
      "banana": "2024-08-09 22:16:25 +0000"
    },
    "done": true
  },
  "minecraft:husbandry/root": {
    "criteria": {
      "consumed_item": "2024-08-09 22:16:42 +0000"
    },
    "done": true
  },
  "minecraft:husbandry/balanced_diet": {
    "criteria": {
      "cooked_beef": "2024-08-13 02:37:53 +0000",
      "apple": "2024-08-09 22:19:13 +0000",
      "bread": "2024-08-09 22:43:53 +0000",
      "melon_slice": "2024-08-09 22:18:01 +0000"
    },
    "done": false
  },
  "mekanismadditions:hurt_by_babies": {
    "criteria": {
      "baby_enderman": "2024-08-13 03:08:58 +0000",
      "baby_wither_skeleton": "2024-08-15 02:48:02 +0000",
      "baby_skeleton": "2024-08-09 22:21:35 +0000",
      "baby_creeper": "2024-08-10 01:57:18 +0000"
    },
    "done": false
  },
  "minecraft:adventure/sleep_in_bed": {
    "criteria": {
      "slept_in_bed": "2024-08-09 22:24:31 +0000"
    },
    "done": true
  },
  "tombstone:adventure/first_grave": {
    "criteria": {
      "coded_trigger": "2024-08-09 22:27:16 +0000"
    },
    "done": true
  },
  "tombstone:recipes/from_grave_key": {
    "criteria": {
      "has_ingredient": "2024-08-09 22:27:18 +0000"
    },
    "done": true
  },
  "tombstone:adventure/cancel_ghostly_shape": {
    "criteria": {
      "coded_trigger": "2024-08-09 22:27:24 +0000"
    },
    "done": true
  },
  "minecraft:story/root": {
    "criteria": {
      "crafting_table": "2024-08-09 22:27:52 +0000"
    },
    "done": true
  },
  "minecraft:adventure/root": {
    "criteria": {
      "killed_something": "2024-08-09 22:28:25 +0000"
    },
    "done": true
  },
  "minecraft:story/smelt_iron": {
    "criteria": {
      "iron": "2024-08-09 22:28:28 +0000"
    },
    "done": true
  },
  "tombstone:recipes/from_grave_dust": {
    "criteria": {
      "has_ingredient": "2024-08-09 22:28:56 +0000"
    },
    "done": true
  },
  "tombstone:adventure/chain_death": {
    "criteria": {
      "coded_trigger": "2024-08-09 22:32:17 +0000"
    },
    "done": true
  },
  "tombstone:adventure/first_knowledge": {
    "criteria": {
      "coded_trigger": "2024-08-09 22:32:17 +0000"
    },
    "done": true
  },
  "minecraft:adventure/kill_all_mobs": {
    "criteria": {
      "minecraft:blaze": "2024-08-15 02:42:20 +0000",
      "minecraft:skeleton": "2024-08-09 22:36:26 +0000",
      "minecraft:magma_cube": "2024-08-10 01:09:49 +0000",
      "minecraft:spider": "2024-08-13 02:11:50 +0000",
      "minecraft:creeper": "2024-08-12 23:42:28 +0000",
      "minecraft:phantom": "2024-08-14 00:33:33 +0000",
      "minecraft:wither_skeleton": "2024-08-15 02:48:02 +0000",
      "minecraft:piglin": "2024-08-13 03:13:55 +0000",
      "minecraft:enderman": "2024-08-10 01:53:06 +0000",
      "minecraft:zombie": "2024-08-09 22:37:53 +0000"
    },
    "done": false
  },
  "minecraft:adventure/kill_a_mob": {
    "criteria": {
      "minecraft:skeleton": "2024-08-09 22:36:26 +0000"
    },
    "done": true
  },
  "iceandfire:iceandfire/kill_if_dragon": {
    "criteria": {
      "killed_fire_dragon": "2024-08-09 22:37:41 +0000"
    },
    "done": true
  },
  "minecraft:story/obtain_armor": {
    "criteria": {
      "iron_chestplate": "2024-08-09 22:38:44 +0000"
    },
    "done": true
  },
  "minecraft:story/iron_tools": {
    "criteria": {
      "iron_pickaxe": "2024-08-09 22:44:38 +0000"
    },
    "done": true
  },
  "minecraft:story/mine_stone": {
    "criteria": {
      "get_stone": "2024-08-09 22:47:55 +0000"
    },
    "done": true
  },
  "iceandfire:iceandfire/lectern": {
    "criteria": {
      "bestiary": "2024-08-09 22:57:04 +0000"
    },
    "done": true
  },
  "minecraft:story/mine_diamond": {
    "criteria": {
      "diamond": "2024-08-10 01:01:26 +0000"
    },
    "done": true
  },
  "betterend:hammer": {
    "criteria": {
      "got_diamond_hammer": "2024-08-10 01:01:58 +0000"
    },
    "done": true
  },
  "minecraft:story/form_obsidian": {
    "criteria": {
      "obsidian": "2024-08-10 01:04:13 +0000"
    },
    "done": true
  },
  "burnt:pyromaniac": {
    "criteria": {
      "pyromaniac_0": "2024-08-10 01:07:25 +0000"
    },
    "done": true
  },
  "minecraft:nether/root": {
    "criteria": {
      "entered_nether": "2024-08-10 01:07:31 +0000"
    },
    "done": true
  },
  "betternether:enter_nether": {
    "criteria": {
      "entered_nether": "2024-08-10 01:07:31 +0000"
    },
    "done": true
  },
  "minecraft:story/enter_the_nether": {
    "criteria": {
      "entered_nether": "2024-08-10 01:07:31 +0000"
    },
    "done": true
  },
  "betternether:all_the_biomes": {
    "criteria": {
      "betternether:wart_forest_edge": "2024-08-13 03:21:32 +0000",
      "betternether:gravel_desert": "2024-08-13 03:07:52 +0000",
      "betternether:old_swampland": "2024-08-10 01:09:53 +0000",
      "betternether:nether_swampland": "2024-08-10 01:10:49 +0000",
      "betternether:crimson_glowing_woods": "2024-08-13 03:21:17 +0000",
      "betternether:upside_down_forest": "2024-08-15 02:46:46 +0000",
      "betternether:nether_jungle": "2024-08-10 01:07:35 +0000",
      "betternether:nether_swampland_terraces": "2024-08-10 01:11:50 +0000",
      "betternether:soul_plain": "2024-08-13 03:21:33 +0000"
    },
    "done": false
  },
  "betternether:nether_wood": {
    "criteria": {
      "got_nether_reed": "2024-08-10 01:10:53 +0000",
      "got_rubeus": "2024-08-10 01:59:06 +0000"
    },
    "done": false
  },
  "tombstone:adventure/strong_or_careful": {
    "criteria": {
      "coded_trigger": "2024-08-10 01:11:49 +0000"
    },
    "done": true
  },
  "tombstone:adventure/choose_knowledge": {
    "criteria": {
      "coded_trigger": "2024-08-10 01:12:05 +0000"
    },
    "done": true
  },
  "tombstone:adventure/enchant_grave_key": {
    "criteria": {
      "has_upgraded_grave_key": "2024-08-10 01:17:33 +0000"
    },
    "done": true
  },
  "tombstone:adventure/teleport_to_grave": {
    "criteria": {
      "coded_trigger": "2024-08-10 01:17:44 +0000"
    },
    "done": true
  },
  "minecraft:husbandry/bred_all_animals": {
    "criteria": {
      "minecraft:cow": "2024-08-10 01:48:00 +0000",
      "minecraft:sheep": "2024-08-10 01:48:08 +0000"
    },
    "done": false
  },
  "minecraft:husbandry/breed_an_animal": {
    "criteria": {
      "bred": "2024-08-10 01:48:00 +0000"
    },
    "done": true
  },
  "tombstone:adventure/neighborhood_brawl": {
    "criteria": {
      "coded_trigger": "2024-08-10 01:51:55 +0000"
    },
    "done": true
  },
  "alexsmobs:alexsmobs/murmur": {
    "criteria": {
      "killed_by": "2024-08-10 02:00:25 +0000"
    },
    "done": true
  },
  "tombstone:adventure/easy_opening": {
    "criteria": {
      "coded_trigger": "2024-08-10 02:07:14 +0000"
    },
    "done": true
  },
  "alexsmobs:alexsmobs/root": {
    "criteria": {
      "useitem": "2024-08-10 02:07:15 +0000"
    },
    "done": true
  },
  "tombstone:adventure/find_grave_dust": {
    "criteria": {
      "from_undead": "2024-08-10 02:13:33 +0000"
    },
    "done": true
  },
  "minecraft:adventure/avoid_vibration": {
    "criteria": {
      "avoid_vibration": "2024-08-10 02:55:32 +0000"
    },
    "done": true
  },
  "mekanism:materials": {
    "criteria": {
      "material": "2024-08-10 02:55:52 +0000"
    },
    "done": true
  },
  "tombstone:adventure/ashes_and_bones": {
    "criteria": {
      "coded_trigger": "2024-08-10 02:56:24 +0000"
    },
    "done": true
  },
  "create:copper": {
    "criteria": {
      "0": "2024-08-12 23:51:11 +0000"
    },
    "done": true
  },
  "minecraft:adventure/trade": {
    "criteria": {
      "traded": "2024-08-13 00:15:13 +0000"
    },
    "done": true
  },
  "tombstone:adventure/ambush": {
    "criteria": {
      "coded_trigger": "2024-08-13 00:49:15 +0000"
    },
    "done": true
  },
  "create:wrench_goggles": {
    "criteria": {
      "0": "2024-08-13 22:44:04 +0000",
      "1": "2024-08-13 01:28:09 +0000"
    },
    "done": true
  },
  "create:andesite_alloy": {
    "criteria": {
      "0": "2024-08-13 02:21:07 +0000"
    },
    "done": true
  },
  "artifacts:amateur_archaeologist": {
    "criteria": {
      "find_artifact": "2024-08-13 02:25:44 +0000"
    },
    "done": true
  },
  "create:brass": {
    "criteria": {
      "0": "2024-08-13 02:26:57 +0000"
    },
    "done": true
  },
  "create:andesite_casing": {
    "criteria": {
      "0": "2024-08-13 02:36:07 +0000"
    },
    "done": true
  },
  "tombstone:adventure/choose_grave_type": {
    "criteria": {
      "coded_trigger": "2024-08-13 02:40:00 +0000"
    },
    "done": true
  },
  "create:copper_casing": {
    "criteria": {
      "0": "2024-08-13 02:49:29 +0000"
    },
    "done": true
  },
  "create_enchantment_industry:recipes/printer": {
    "criteria": {
      "has_item": "2024-08-13 02:49:32 +0000"
    },
    "done": true
  },
  "create_enchantment_industry:recipes/disenchanter": {
    "criteria": {
      "has_item": "2024-08-13 02:49:32 +0000"
    },
    "done": true
  },
  "minecraft:story/shiny_gear": {
    "criteria": {
      "diamond_chestplate": "2024-08-13 02:52:55 +0000"
    },
    "done": true
  },
  "alexsmobs:alexsmobs/crimson_mosquito": {
    "criteria": {
      "killed_by": "2024-08-13 02:57:36 +0000"
    },
    "done": true
  },
  "minecraft:nether/explore_nether": {
    "criteria": {
      "minecraft:crimson_forest": "2024-08-13 03:21:23 +0000",
      "minecraft:nether_wastes": "2024-08-13 03:08:47 +0000",
      "minecraft:soul_sand_valley": "2024-08-13 03:19:37 +0000"
    },
    "done": false
  },
  "mekanismadditions:not_the_babies": {
    "criteria": {
      "baby_enderman": "2024-08-13 03:09:07 +0000"
    },
    "done": true
  },
  "minecraft:story/deflect_arrow": {
    "criteria": {
      "deflected_projectile": "2024-08-13 03:10:35 +0000"
    },
    "done": true
  },
  "minecraft:nether/distract_piglin": {
    "criteria": {
      "distract_piglin": "2024-08-13 03:10:39 +0000"
    },
    "done": true
  },
  "minecraft:nether/obtain_crying_obsidian": {
    "criteria": {
      "crying_obsidian": "2024-08-13 03:11:02 +0000"
    },
    "done": true
  },
  "minecraft:story/lava_bucket": {
    "criteria": {
      "lava_bucket": "2024-08-13 22:45:40 +0000"
    },
    "done": true
  },
  "create:water_wheel": {
    "criteria": {
      "0": "2024-08-13 22:52:15 +0000"
    },
    "done": true
  },
  "create:shifting_gears": {
    "criteria": {
      "0": "2024-08-13 22:52:46 +0000"
    },
    "done": true
  },
  "create:encased_fan": {
    "criteria": {
      "0": "2024-08-13 22:53:32 +0000"
    },
    "done": true
  },
  "create:fan_processing": {
    "criteria": {
      "0": "2024-08-13 22:54:28 +0000"
    },
    "done": true
  },
  "create:mechanical_press": {
    "criteria": {
      "0": "2024-08-13 23:24:27 +0000"
    },
    "done": true
  },
  "create_enchantment_industry:experienced_engineer": {
    "criteria": {
      "have_experience_nugget": "2024-08-13 23:26:44 +0000"
    },
    "done": true
  },
  "create_enchantment_industry:recipes/experience_rotor": {
    "criteria": {
      "has_item": "2024-08-13 23:26:44 +0000"
    },
    "done": true
  },
  "create:burner": {
    "criteria": {
      "0": "2024-08-13 23:28:29 +0000"
    },
    "done": true
  },
  "create:mechanical_mixer": {
    "criteria": {
      "0": "2024-08-13 23:47:52 +0000"
    },
    "done": true
  },
  "betterdungeons:all_dungeons": {
    "criteria": {
      "in_better_spider_dungeon": "2024-08-13 23:56:40 +0000"
    },
    "done": false
  },
  "betterdungeons:spider_dungeon": {
    "criteria": {
      "in_better_spider_dungeon": "2024-08-13 23:56:40 +0000"
    },
    "done": true
  },
  "create:rose_quartz": {
    "criteria": {
      "0": "2024-08-13 23:57:07 +0000"
    },
    "done": true
  },
  "create:deployer": {
    "criteria": {
      "0": "2024-08-13 23:59:03 +0000"
    },
    "done": true
  },
  "create:precision_mechanism": {
    "criteria": {
      "0": "2024-08-14 00:00:46 +0000"
    },
    "done": true
  },
  "create:brass_casing": {
    "criteria": {
      "0": "2024-08-14 00:01:05 +0000"
    },
    "done": true
  },
  "create:funnel": {
    "criteria": {
      "0": "2024-08-14 00:03:03 +0000"
    },
    "done": true
  },
  "create:arm_blaze_burner": {
    "criteria": {
      "0": "2024-08-14 00:04:14 +0000"
    },
    "done": true
  },
  "create:mechanical_arm": {
    "criteria": {
      "0": "2024-08-14 00:04:15 +0000"
    },
    "done": true
  },
  "minecraft:nether/obtain_blaze_rod": {
    "criteria": {
      "blaze_rod": "2024-08-14 00:17:25 +0000"
    },
    "done": true
  },
  "iceandfire:iceandfire/kill_siren": {
    "criteria": {
      "killed_fire_dragon": "2024-08-14 00:25:36 +0000"
    },
    "done": true
  },
  "repurposed_structures:villages": {
    "criteria": {
      "in_village_cherry": "2024-08-14 00:26:57 +0000"
    },
    "done": false
  },
  "minecraft:nether/brew_potion": {
    "criteria": {
      "potion": "2024-08-14 00:46:03 +0000"
    },
    "done": true
  },
  "minecraft:story/cure_zombie_villager": {
    "criteria": {
      "cured_zombie": "2024-08-14 00:55:52 +0000"
    },
    "done": true
  },
  "tombstone:adventure/create_strange_scroll": {
    "criteria": {
      "has_strange_scroll": "2024-08-14 01:01:30 +0000"
    },
    "done": true
  },
  "tombstone:adventure/combine_in_inventory": {
    "criteria": {
      "coded_trigger": "2024-08-14 01:01:33 +0000"
    },
    "done": true
  },
  "tombstone:adventure/create_magic_scroll": {
    "criteria": {
      "has_magic_scroll": "2024-08-14 01:01:33 +0000"
    },
    "done": true
  },
  "tombstone:recipes/from_white_marble": {
    "criteria": {
      "has_ingredient": "2024-08-14 01:02:56 +0000"
    },
    "done": true
  },
  "tombstone:adventure/create_grave_marble": {
    "criteria": {
      "has_grave_marble": "2024-08-14 01:02:56 +0000"
    },
    "done": true
  },
  "tombstone:adventure/create_decorative_grave": {
    "criteria": {
      "has_decorative_grave": "2024-08-14 01:03:16 +0000"
    },
    "done": true
  },
  "tombstone:recipes/from_decorative_grave": {
    "criteria": {
      "has_ingredient": "2024-08-14 01:03:16 +0000"
    },
    "done": true
  },
  "tombstone:adventure/first_pray": {
    "criteria": {
      "coded_trigger": "2024-08-14 01:05:07 +0000"
    },
    "done": true
  },
  "alexscaves:alexscaves/deepsight": {
    "criteria": {
      "all_effects": "2024-08-14 01:05:07 +0000"
    },
    "done": true
  },
  "create:contraption_actors": {
    "criteria": {
      "0": "2024-08-14 02:25:25 +0000"
    },
    "done": true
  },
  "create:super_glue": {
    "criteria": {
      "0": "2024-08-14 02:28:07 +0000"
    },
    "done": true
  },
  "create:portable_storage_interface": {
    "criteria": {
      "0": "2024-08-14 02:37:19 +0000"
    },
    "done": true
  },
  "repurposed_structures:shipwrecks": {
    "criteria": {
      "in_shipwreck_nether_bricks": "2024-08-15 02:44:18 +0000"
    },
    "done": false
  },
  "endrem:main/black_eye": {
    "criteria": {
      "black_eye": "2024-08-15 02:45:31 +0000"
    },
    "done": true
  },
  "iceandfire:iceandfire/dragonsteel": {
    "criteria": {
      "steel": "2024-08-15 02:30:35 +0000"
    },
    "done": true
  },
  "endrem:main/root": {
    "criteria": {
      "black_eye": "2024-08-15 02:45:31 +0000"
    },
    "done": true
  },
  "iceandfire:iceandfire/dragonsteel_weapon": {
    "criteria": {
      "sword": "2024-08-15 02:51:25 +0000"
    },
    "done": true
  },
  "repurposed_structures:mineshafts": {
    "criteria": {
      "in_mineshaft_nether": "2024-08-15 02:40:38 +0000"
    },
    "done": false
  },
  "friendsandfoes:nether/kill_wildfire": {
    "criteria": {
      "killed_wildfire": "2024-08-15 02:42:47 +0000"
    },
    "done": true
  },
  "friendsandfoes:nether/find_citadel": {
    "criteria": {
      "citadel": "2024-08-15 02:42:03 +0000"
    },
    "done": true
  },
  "create:belt": {
    "criteria": {
      "0": "2024-08-15 03:35:45 +0000"
    },
    "done": true
  },
  "minecraft:nether/find_fortress": {
    "criteria": {
      "in_better_fortress": "2024-08-15 02:46:57 +0000"
    },
    "done": true
  },
  "DataVersion": 3465
}